nameWithOwner,createdAt,pullRequests,releases,updatedAt,primaryLanguage,issues,closedIssues
freeCodeCamp/freeCodeCamp,24/12/2014 17:49:19,32281,0,07/03/2023 12:45:33,TypeScript,16719,16563
EbookFoundation/free-programming-books,11/10/2013 06:50:37,8248,0,07/03/2023 13:28:32,,911,886
996icu/996.ICU,26/03/2019 07:31:14,1949,0,07/03/2023 13:21:43,,0,0
jwasham/coding-interview-university,06/06/2016 02:34:12,876,0,07/03/2023 13:16:26,,383,339
sindresorhus/awesome,11/07/2014 13:42:37,1878,0,07/03/2023 13:24:28,,320,297
kamranahmedse/developer-roadmap,15/03/2017 13:45:52,2179,1,07/03/2023 13:29:01,Astro,912,759
public-apis/public-apis,20/03/2016 23:49:42,2926,0,07/03/2023 13:16:14,Python,444,416
donnemartin/system-design-primer,26/02/2017 16:15:28,464,0,07/03/2023 13:26:27,Python,244,71
facebook/react,24/05/2013 16:15:54,13247,99,07/03/2023 13:13:51,JavaScript,12084,11149
vuejs/vue,29/07/2013 03:24:51,2387,245,07/03/2023 12:41:34,TypeScript,9947,9584
codecrafters-io/build-your-own-x,09/05/2018 12:03:18,289,0,07/03/2023 13:24:18,,542,378
tensorflow/tensorflow,07/11/2015 01:19:20,22709,185,07/03/2023 13:14:58,C++,36787,34735
getify/You-Dont-Know-JS,16/11/2013 02:37:24,871,0,07/03/2023 13:18:08,,908,825
trekhleb/javascript-algorithms,24/03/2018 07:47:04,650,0,07/03/2023 13:24:32,JavaScript,314,207
twbs/bootstrap,29/07/2011 21:19:00,14369,83,07/03/2023 13:24:50,JavaScript,21808,21545
CyC2018/CS-Notes,13/02/2018 14:56:24,597,0,07/03/2023 13:14:17,,559,440
vinta/awesome-python,27/06/2014 21:00:06,1764,0,07/03/2023 13:29:13,Python,501,480
ohmyzsh/ohmyzsh,28/08/2009 18:15:37,6778,0,07/03/2023 12:32:02,Shell,4390,4174
TheAlgorithms/Python,16/07/2016 09:44:01,6809,0,07/03/2023 13:27:40,Python,1227,1209
flutter/flutter,06/03/2015 22:54:58,41992,0,07/03/2023 13:16:56,Dart,79407,68081
torvalds/linux,04/09/2011 22:48:12,761,0,07/03/2023 13:16:27,C,0,0
github/gitignore,08/11/2010 20:17:14,4166,0,07/03/2023 13:09:00,,0,0
microsoft/vscode,03/09/2015 20:23:38,19505,92,07/03/2023 13:30:42,TypeScript,151830,145674
ossu/computer-science,04/05/2014 00:18:39,392,0,07/03/2023 13:27:23,,599,585
airbnb/javascript,01/11/2012 23:13:50,1411,0,07/03/2023 12:23:54,JavaScript,1235,1138
jlevy/the-art-of-command-line,20/05/2015 15:11:03,566,0,07/03/2023 13:24:43,,232,130
Snailclimb/JavaGuide,07/05/2018 13:27:00,1028,0,07/03/2023 12:31:06,Java,860,794
jackfrued/Python-100-Days,01/03/2018 16:05:52,314,0,07/03/2023 13:22:38,Python,596,102
awesome-selfhosted/awesome-selfhosted,01/06/2015 02:33:17,2668,0,07/03/2023 12:54:09,Makefile,763,710
ytdl-org/youtube-dl,31/10/2010 14:35:07,4822,341,07/03/2023 13:22:35,Python,25635,21798
labuladong/fucking-algorithm,19/02/2020 09:01:23,419,1,07/03/2023 13:09:55,Markdown,496,425
golang/go,19/08/2014 04:33:40,2863,0,07/03/2023 13:15:56,Go,54778,46897
30-seconds/30-seconds-of-code,29/11/2017 17:35:03,1483,4,07/03/2023 13:02:51,JavaScript,277,277
facebook/react-native,09/01/2015 18:10:16,11967,241,07/03/2023 12:59:33,JavaScript,24012,22042
electron/electron,12/04/2013 01:47:36,18777,1000,07/03/2023 12:47:06,C++,18067,17205
d3/d3,27/09/2010 17:22:42,1114,190,07/03/2023 11:31:41,JavaScript,2134,2129
vercel/next.js,05/10/2016 23:32:51,14750,1000,07/03/2023 13:17:52,JavaScript,15355,14101
justjavac/free-programming-books-zh_CN,04/11/2013 01:59:19,451,3,07/03/2023 13:10:41,,0,0
axios/axios,18/08/2014 22:30:27,1333,57,07/03/2023 13:29:06,JavaScript,4119,3785
facebook/create-react-app,17/07/2016 14:55:11,4125,83,07/03/2023 11:34:18,JavaScript,8003,6465
avelino/awesome-go,06/07/2014 13:42:15,4170,0,07/03/2023 13:21:52,Go,554,527
kubernetes/kubernetes,06/06/2014 22:56:04,73510,587,07/03/2023 12:30:29,Go,42602,40993
nodejs/node,26/11/2014 19:57:11,29755,333,07/03/2023 12:29:35,JavaScript,15646,14360
practical-tutorials/project-based-learning,12/04/2017 05:07:46,311,0,07/03/2023 13:23:32,,69,44
trimstray/the-book-of-secret-knowledge,23/06/2018 10:43:14,230,0,07/03/2023 13:26:13,,0,0
mrdoob/three.js,23/03/2010 18:58:01,13844,142,07/03/2023 12:59:38,JavaScript,11605,11242
microsoft/TypeScript,17/06/2014 15:28:39,15833,168,07/03/2023 13:29:11,TypeScript,36338,30509
denoland/deno,15/05/2018 01:34:26,9765,215,07/03/2023 13:23:42,Rust,7408,6266
microsoft/terminal,11/08/2017 18:38:22,3475,89,07/03/2023 13:10:47,C++,11051,9542
microsoft/PowerToys,01/05/2019 17:44:02,4297,76,07/03/2023 13:06:51,C#,20245,15701
yangshun/tech-interview-handbook,05/07/2016 05:00:48,498,0,07/03/2023 12:51:09,TypeScript,69,54
goldbergyoni/nodebestpractices,15/09/2017 08:33:19,900,0,07/03/2023 13:15:07,JavaScript,300,279
angular/angular,18/09/2014 16:12:01,23354,249,07/03/2023 13:26:10,TypeScript,24949,23751
mui/material-ui,18/08/2014 19:11:54,18555,398,07/03/2023 11:46:21,JavaScript,17037,15852
ant-design/ant-design,24/04/2015 15:37:24,13494,564,07/03/2023 12:49:45,TypeScript,26025,25114
huggingface/transformers,29/10/2018 13:56:00,10907,108,07/03/2023 13:29:30,Python,11003,10581
puppeteer/puppeteer,09/05/2017 22:16:13,3801,179,07/03/2023 13:15:49,TypeScript,5859,5609
PanJiaChen/vue-element-admin,17/04/2017 03:35:49,570,49,07/03/2023 13:13:28,Vue,3510,2333
ryanmcdermott/clean-code-javascript,25/11/2016 22:25:41,269,0,07/03/2023 12:59:12,JavaScript,135,81
iluwatar/java-design-patterns,09/08/2014 16:45:18,1615,0,07/03/2023 10:57:52,Java,845,659
rust-lang/rust,16/06/2010 20:39:03,61143,108,07/03/2023 12:40:18,Rust,47449,38629
Genymobile/scrcpy,21/11/2017 18:00:27,345,29,07/03/2023 13:03:35,C,3388,2162
animate-css/animate.css,12/10/2011 10:07:38,791,22,07/03/2023 13:03:00,CSS,841,819
storybookjs/storybook,18/03/2016 04:23:44,9939,1000,07/03/2023 13:24:47,TypeScript,10242,8309
nvbn/thefuck,08/04/2015 15:08:04,662,17,07/03/2023 12:43:45,Python,664,453
tensorflow/models,05/02/2016 01:15:20,3723,29,07/03/2023 13:11:04,Jupyter Notebook,7077,6023
gothinkster/realworld,26/02/2016 20:49:53,513,0,07/03/2023 13:16:13,TypeScript,509,459
laravel/laravel,08/06/2011 03:06:08,4478,135,07/03/2023 11:03:53,PHP,0,0
MisterBooo/LeetCodeAnimation,06/12/2018 08:01:22,74,0,07/03/2023 11:36:28,Java,58,42
FortAwesome/Font-Awesome,17/02/2012 14:19:43,663,50,07/03/2023 09:26:10,JavaScript,18757,13448
papers-we-love/papers-we-love,15/12/2013 14:31:41,495,0,07/03/2023 12:38:20,Shell,191,172
mtdvio/every-programmer-should-know,24/08/2017 13:18:26,159,0,07/03/2023 12:43:58,,42,18
django/django,28/04/2012 02:47:18,16582,0,07/03/2023 13:29:18,Python,0,0
tonsky/FiraCode,11/11/2014 19:32:38,177,29,07/03/2023 12:23:13,Clojure,1259,906
doocs/advanced-java,06/10/2018 11:38:30,114,1,07/03/2023 12:58:01,Java,139,137
bitcoin/bitcoin,19/12/2010 15:16:43,18801,40,07/03/2023 12:58:29,C++,7333,6937
vuejs/awesome-vue,20/10/2015 00:16:14,3743,0,07/03/2023 13:16:31,,211,181
microsoft/Web-Dev-For-Beginners,10/11/2020 02:44:00,747,0,07/03/2023 12:39:41,JavaScript,226,217
ripienaar/free-for-dev,18/03/2015 21:06:26,2702,0,07/03/2023 11:08:15,HTML,0,0
opencv/opencv,19/07/2012 09:40:17,13690,59,07/03/2023 13:30:16,C++,9527,7176
gin-gonic/gin,16/06/2014 23:57:25,1518,24,07/03/2023 12:55:22,Go,1992,1500
sveltejs/svelte,20/11/2016 18:13:05,3287,0,07/03/2023 13:15:23,TypeScript,4883,4126
spring-projects/spring-boot,19/10/2012 15:02:57,5587,163,07/03/2023 13:09:33,Java,28576,28012
typicode/json-server,27/11/2013 13:21:13,354,12,07/03/2023 13:12:56,JavaScript,1036,467
gohugoio/hugo,04/07/2013 15:26:26,4286,217,07/03/2023 12:54:32,Go,6381,5738
tailwindlabs/tailwindcss,06/10/2017 14:59:14,2112,209,07/03/2023 13:09:29,HTML,2748,2743
521xueweihan/HelloGitHub,04/05/2016 06:24:11,31,28,07/03/2023 13:07:43,Python,2430,2341
moby/moby,18/01/2013 18:10:57,23060,120,07/03/2023 12:47:52,Go,21785,17818
nvm-sh/nvm,15/04/2010 17:47:47,1004,62,07/03/2023 13:28:50,Shell,1920,1603
fatedier/frp,21/12/2015 15:24:59,641,77,07/03/2023 13:28:02,Go,2680,2572
thedaviddias/Front-End-Checklist,16/10/2017 10:12:36,292,1,07/03/2023 13:05:38,,143,137
macrozheng/mall,04/04/2018 01:11:44,105,2,07/03/2023 12:17:03,Java,454,428
pytorch/pytorch,13/08/2016 05:26:41,64100,43,07/03/2023 12:58:30,C++,31866,21427
hakimel/reveal.js,07/06/2011 18:54:22,1001,39,07/03/2023 13:16:19,JavaScript,2213,1575
neovim/neovim,31/01/2014 13:39:22,13101,31,07/03/2023 13:25:03,Vim Script,9372,8000
elastic/elasticsearch,08/02/2010 13:20:56,62406,108,07/03/2023 12:34:25,Java,31694,28117
florinpop17/app-ideas,25/02/2019 18:36:56,556,0,07/03/2023 12:38:59,,113,35
webpack/webpack,10/03/2012 10:08:14,6016,382,07/03/2023 12:21:03,JavaScript,9380,9187
iptv-org/iptv,14/11/2018 22:00:57,5714,0,07/03/2023 13:28:44,JavaScript,5339,4511
Hack-with-Github/Awesome-Hacking,30/03/2016 15:47:10,89,0,07/03/2023 13:18:02,,0,0
netdata/netdata,17/06/2013 18:39:10,7196,61,07/03/2023 12:45:45,C,7236,7006
pallets/flask,06/04/2010 11:11:59,2346,24,07/03/2023 11:45:43,Python,2466,2463
apple/swift,23/10/2015 21:15:07,47135,46,07/03/2023 12:54:18,C++,13401,7648
GrowingGit/GitHub-Chinese-Top-Charts,05/09/2019 03:01:56,17,0,07/03/2023 13:05:12,Java,254,149
expressjs/express,26/06/2009 18:56:01,1141,147,07/03/2023 13:14:31,JavaScript,3716,3613
chartjs/Chart.js,17/03/2013 23:56:36,3676,101,07/03/2023 12:41:51,JavaScript,6754,6546
tauri-apps/tauri,13/07/2019 09:09:37,3214,500,07/03/2023 13:24:34,Rust,2333,1991
resume/resume.github.com,06/02/2011 13:39:55,183,0,07/03/2023 12:59:55,JavaScript,108,59
kdn251/interviews,14/02/2017 18:19:25,162,0,07/03/2023 12:46:58,Java,51,20
reduxjs/redux,29/05/2015 23:53:15,2404,70,07/03/2023 13:14:11,TypeScript,1982,1939
coder/code-server,27/02/2019 16:50:41,1589,102,07/03/2023 11:36:12,TypeScript,3164,2919
angular/angular.js,06/01/2010 00:34:37,7999,0,07/03/2023 10:16:21,JavaScript,9040,8649
atom/atom,20/01/2012 18:18:21,5281,538,07/03/2023 13:19:20,JavaScript,17125,16156
godotengine/godot,04/01/2014 16:05:36,33128,43,07/03/2023 13:13:13,C++,40400,33076
redis/redis,21/03/2009 22:32:25,5788,46,07/03/2023 12:57:44,C,5876,4061
home-assistant/core,17/09/2013 07:29:48,51990,1000,07/03/2023 11:29:25,Python,36750,34547
protocolbuffers/protobuf,26/08/2014 15:52:15,6562,121,07/03/2023 13:20:13,C++,5425,4773
jaywcjlove/awesome-mac,17/07/2016 15:33:47,811,6,07/03/2023 12:30:59,JavaScript,348,256
adam-p/markdown-here,13/05/2012 03:27:22,82,11,07/03/2023 10:27:42,JavaScript,603,308
josephmisiti/awesome-machine-learning,15/07/2014 19:11:19,826,0,07/03/2023 13:31:10,Python,80,80
lodash/lodash,07/04/2012 04:11:46,1317,2,07/03/2023 12:38:31,JavaScript,4098,3786
leonardomso/33-js-concepts,04/09/2018 13:27:04,268,0,07/03/2023 12:25:49,JavaScript,51,36
tiangolo/fastapi,08/12/2018 08:21:47,2154,144,07/03/2023 13:00:38,Python,3315,3295
mermaid-js/mermaid,01/11/2014 23:52:32,1804,102,07/03/2023 13:22:17,JavaScript,2286,1400
nestjs/nest,04/02/2017 20:12:52,6253,81,07/03/2023 12:39:59,TypeScript,4645,4606
apache/echarts,03/04/2013 03:18:59,1606,107,07/03/2023 13:26:04,TypeScript,16658,14503
grafana/grafana,11/12/2013 15:59:56,33477,342,07/03/2023 13:21:23,TypeScript,28567,25670
enaqx/awesome-react,06/08/2014 05:31:44,1236,0,07/03/2023 13:30:06,,93,73
gatsbyjs/gatsby,21/05/2015 22:43:05,21309,129,07/03/2023 13:09:16,JavaScript,13824,13755
h5bp/html5-boilerplate,24/01/2010 18:03:24,1558,32,07/03/2023 04:22:02,JavaScript,1299,1291
tiangolo/fastapi,08/12/2018 08:21:47,2154,144,07/03/2023 13:00:38,Python,3315,3295
mermaid-js/mermaid,01/11/2014 23:52:32,1804,102,07/03/2023 13:22:17,JavaScript,2286,1400
nestjs/nest,04/02/2017 20:12:52,6253,81,07/03/2023 12:39:59,TypeScript,4645,4606
chrislgarry/Apollo-11,03/04/2014 15:45:02,497,0,07/03/2023 13:11:24,Assembly,377,316
apache/echarts,03/04/2013 03:18:59,1606,107,07/03/2023 13:26:04,TypeScript,16658,14503
grafana/grafana,11/12/2013 15:59:56,33477,342,07/03/2023 13:21:23,TypeScript,28567,25670
enaqx/awesome-react,06/08/2014 05:31:44,1236,0,07/03/2023 13:30:06,,93,73
gatsbyjs/gatsby,21/05/2015 22:43:05,21309,129,07/03/2023 13:09:16,JavaScript,13824,13755
h5bp/html5-boilerplate,24/01/2010 18:03:24,1558,32,07/03/2023 04:22:02,JavaScript,1299,1291
DopplerHQ/awesome-interview-questions,28/11/2015 09:48:17,222,0,07/03/2023 12:27:28,,32,29
vitejs/vite,21/04/2020 05:03:57,4125,266,07/03/2023 11:40:49,TypeScript,5403,4931
scikit-learn/scikit-learn,17/08/2010 09:43:38,15032,32,07/03/2023 13:16:10,Python,9983,8435
awesomedata/awesome-public-datasets,20/11/2014 06:20:50,336,0,07/03/2023 11:02:45,,109,47
ElemeFE/element,03/09/2016 06:19:26,4993,144,07/03/2023 12:56:14,Vue,17388,15183
lydiahallie/javascript-questions,12/06/2019 08:26:27,470,0,07/03/2023 13:11:57,,212,210
anuraghazra/github-readme-stats,09/07/2020 10:34:22,1373,0,07/03/2023 13:25:55,JavaScript,940,843
Developer-Y/cs-video-courses,21/10/2016 17:02:11,159,0,07/03/2023 13:30:11,,113,101
rails/rails,11/04/2008 02:19:47,31145,91,07/03/2023 11:40:43,Ruby,16178,15819
strapi/strapi,30/09/2015 15:34:48,7508,267,07/03/2023 11:40:26,JavaScript,7471,7196
Anduin2017/HowToCook,29/02/2020 10:43:49,627,1,07/03/2023 08:36:14,HTML,580,249
python/cpython,10/02/2017 19:23:51,39417,0,07/03/2023 13:12:23,Python,62488,55705
spring-projects/spring-framework,08/12/2010 04:04:45,4136,249,07/03/2023 10:57:19,Java,23141,21931
sdmg15/Best-websites-a-programmer-should-visit,05/03/2017 20:25:17,1527,0,07/03/2023 11:10:35,,107,70
apache/superset,21/07/2015 18:55:34,12849,116,07/03/2023 13:00:25,TypeScript,8924,7847
azl397985856/leetcode,30/03/2018 09:13:51,303,40,07/03/2023 12:52:32,JavaScript,246,241
TheAlgorithms/Java,16/07/2016 10:21:02,3033,0,07/03/2023 06:46:42,Java,802,797
Semantic-Org/Semantic-UI,08/04/2013 23:32:04,878,154,07/03/2023 12:11:34,JavaScript,6205,5251
hoppscotch/hoppscotch,21/08/2019 13:15:24,1793,16,07/03/2023 13:08:47,Vue,954,856
junegunn/fzf,23/10/2013 16:04:23,703,25,07/03/2023 13:20:18,Go,2337,2083
sindresorhus/awesome-nodejs,11/07/2014 13:35:34,1078,0,07/03/2023 12:53:33,,97,97
3b1b/manim,22/03/2015 18:50:58,779,10,07/03/2023 13:27:37,Python,1046,696
scutan90/DeepLearning-500-questions,27/06/2018 06:36:45,339,0,07/03/2023 13:12:46,JavaScript,181,80
syncthing/syncthing,26/11/2013 09:48:21,3695,326,07/03/2023 11:55:28,Go,5078,4734
necolas/normalize.css,04/05/2011 10:20:25,387,0,07/03/2023 12:00:59,CSS,498,455
remix-run/react-router,16/05/2014 22:22:51,2765,243,07/03/2023 11:20:50,TypeScript,6897,6837
tesseract-ocr/tesseract,12/08/2014 18:04:59,1520,24,07/03/2023 12:58:29,C++,2472,2099
psf/requests,13/02/2011 18:38:17,2358,5,07/03/2023 11:42:42,Python,3726,3525
MunGell/awesome-for-beginners,24/10/2015 19:53:36,1122,0,07/03/2023 11:09:32,,120,109
ionic-team/ionic-framework,20/08/2013 23:06:02,6031,563,06/03/2023 19:15:33,TypeScript,20634,20160
bradtraversy/design-resources-for-developers,06/05/2020 14:40:35,1153,0,07/03/2023 13:18:59,,83,83
microsoft/playwright,15/11/2019 18:32:42,11094,95,07/03/2023 12:44:39,TypeScript,9010,8301
google/material-design-icons,08/10/2014 18:01:28,149,16,07/03/2023 12:50:53,,1227,1022
ageitgey/face_recognition,03/03/2017 21:52:39,205,2,07/03/2023 12:58:31,Python,1253,572
fighting41love/funNLP,21/08/2018 11:20:39,22,0,07/03/2023 13:23:39,Python,55,44
moment/moment,01/03/2011 02:46:06,2025,0,07/03/2023 12:37:44,JavaScript,4034,3832
prometheus/prometheus,24/11/2012 11:14:12,6773,248,07/03/2023 13:06:33,Go,4976,4390
google/guava,29/05/2014 16:23:17,1558,35,07/03/2023 11:43:51,Java,3423,2767
Fndroid/clash_for_windows_pkg,18/10/2018 22:59:10,13,191,07/03/2023 13:18:19,,3813,3623
jgthms/bulma,23/01/2016 23:48:34,1113,17,07/03/2023 13:04:53,CSS,2453,2271
ReactiveX/RxJava,08/01/2013 20:11:48,3764,231,07/03/2023 09:23:28,Java,3118,3104
soimort/you-get,20/08/2012 15:53:36,1042,118,07/03/2023 06:33:20,Python,0,0
supabase/supabase,12/10/2019 05:56:49,4983,24,07/03/2023 12:55:31,TypeScript,1973,1795
scrapy/scrapy,22/02/2010 02:01:14,3008,31,07/03/2023 12:50:50,Python,2772,2283
jekyll/jekyll,20/10/2008 06:29:03,4352,107,07/03/2023 10:49:15,Ruby,4665,4576
caddyserver/caddy,13/01/2015 19:45:03,1917,103,07/03/2023 13:25:14,Go,3345,3268
localstack/localstack,25/10/2016 23:48:03,3480,60,07/03/2023 12:51:21,Python,4273,3972
ventoy/Ventoy,10/03/2020 15:19:19,385,87,07/03/2023 13:17:37,C,1720,1338
obsproject/obs-studio,01/10/2013 02:40:31,5189,175,07/03/2023 13:05:38,C,2907,2507
prakhar1989/awesome-courses,15/11/2014 18:36:49,264,0,07/03/2023 13:05:21,,67,38
ocornut/imgui,21/07/2014 14:29:47,1066,83,07/03/2023 12:56:31,C++,4650,3938
swisskyrepo/PayloadsAllTheThings,18/10/2016 07:29:07,542,2,07/03/2023 13:02:08,Python,0,0
Solido/awesome-flutter,07/05/2017 11:45:27,906,0,07/03/2023 13:13:31,Dart,0,0
wasabeef/awesome-android-ui,24/12/2014 01:45:03,227,0,07/03/2023 06:03:15,,102,92
git/git,23/07/2008 14:21:26,1252,0,07/03/2023 13:23:40,C,0,0
NARKOZ/hacker-scripts,21/11/2015 19:05:09,142,0,07/03/2023 08:51:04,JavaScript,75,39
danielmiessler/SecLists,19/02/2012 01:30:18,613,18,07/03/2023 12:47:49,PHP,209,181
alacritty/alacritty,18/02/2016 05:02:30,1973,76,07/03/2023 12:44:22,Rust,4730,4434
microsoft/ML-For-Beginners,03/03/2021 01:34:05,410,0,07/03/2023 12:58:32,Jupyter Notebook,0,0
prettier/prettier,29/11/2016 17:13:37,8362,96,07/03/2023 12:28:59,JavaScript,5909,4988
AUTOMATIC1111/stable-diffusion-webui,22/08/2022 14:05:26,1498,1,07/03/2023 13:30:56,Python,4125,2639
CompVis/stable-diffusion,10/08/2022 14:36:44,118,0,07/03/2023 13:26:08,Jupyter Notebook,525,107
juliangarnier/anime,13/03/2016 21:37:45,153,14,07/03/2023 12:22:32,JavaScript,671,491
minimaxir/big-list-of-naughty-strings,08/08/2015 20:57:20,157,0,07/03/2023 06:03:03,Python,91,30
serverless/serverless,21/04/2015 03:48:40,5192,357,07/03/2023 07:11:39,JavaScript,5890,4941
fffaraz/awesome-cpp,17/07/2014 08:51:11,755,0,07/03/2023 13:23:21,,525,172
JetBrains/kotlin,13/02/2012 17:29:58,5076,199,07/03/2023 13:18:14,Kotlin,0,0
nuxt/nuxt,26/10/2016 11:18:47,3338,174,07/03/2023 13:04:53,TypeScript,11295,10483
binhnguyennus/awesome-scalability,27/12/2017 03:46:40,79,0,07/03/2023 12:58:31,,0,0
deepfakes/faceswap,19/12/2017 09:44:13,497,3,07/03/2023 13:15:31,Python,799,784
Eugeny/tabby,23/12/2016 09:06:10,3473,168,07/03/2023 12:46:40,TypeScript,3984,2726
ziishaned/learn-regex,22/07/2017 12:21:03,177,0,07/03/2023 12:46:40,,84,35
square/okhttp,23/07/2012 13:42:55,3807,0,07/03/2023 10:51:23,Kotlin,3783,3630
tldr-pages/tldr,08/12/2013 07:34:43,8799,2,07/03/2023 13:03:16,Markdown,1064,908
meteor/meteor,19/01/2012 01:58:17,3467,0,07/03/2023 09:44:45,JavaScript,8849,8660
DefinitelyTyped/DefinitelyTyped,05/10/2012 16:39:45,54796,1,07/03/2023 12:12:03,TypeScript,7856,7187
excalidraw/excalidraw,02/01/2020 01:04:43,3735,8,07/03/2023 13:28:36,TypeScript,2386,1551
etcd-io/etcd,06/07/2013 21:57:21,9182,220,07/03/2023 10:43:20,Go,6098,5948
cypress-io/cypress,04/03/2015 00:46:28,6263,299,07/03/2023 13:22:13,JavaScript,12473,9760
facebook/docusaurus,20/06/2017 16:13:53,5319,125,07/03/2023 13:09:30,TypeScript,2564,2335
TryGhost/Ghost,04/05/2013 11:09:13,9744,635,07/03/2023 10:46:30,JavaScript,6532,6497
aymericdamien/TensorFlow-Examples,11/11/2015 14:21:19,168,0,07/03/2023 12:29:27,Jupyter Notebook,231,69
algorithm-visualizer/algorithm-visualizer,15/05/2016 00:27:45,250,0,07/03/2023 09:41:28,JavaScript,102,73
iamkun/dayjs,10/04/2018 09:26:44,936,113,07/03/2023 11:20:23,JavaScript,1307,756
Textualize/rich,10/11/2019 15:28:09,922,148,07/03/2023 12:14:57,Python,1044,970
android/architecture-samples,05/02/2016 13:42:07,431,0,07/03/2023 11:40:41,Kotlin,441,290
ColorlibHQ/AdminLTE,25/12/2013 02:52:40,2009,72,07/03/2023 13:27:13,JavaScript,2747,2693
yt-dlp/yt-dlp,26/10/2020 04:22:55,1823,69,07/03/2023 13:17:09,Python,4480,3630
vsouza/awesome-ios,10/07/2014 16:03:45,2647,0,07/03/2023 12:43:33,Swift,462,462
ryanoasis/nerd-fonts,05/12/2014 04:31:17,330,29,07/03/2023 12:41:33,CSS,717,647
parcel-bundler/parcel,07/08/2017 16:36:47,2759,25,07/03/2023 13:11:58,JavaScript,4999,4319
babel/babel,28/09/2014 13:38:23,6360,338,07/03/2023 09:47:13,TypeScript,8453,7822
traefik/traefik,13/09/2015 19:04:02,4389,387,07/03/2023 12:21:26,Go,5324,4730
JuliaLang/julia,21/04/2011 07:01:50,25903,136,07/03/2023 12:15:16,Julia,22701,19164
gogs/gogs,12/02/2014 01:57:08,2119,78,07/03/2023 11:47:23,Go,4966,4162
v2ray/v2ray-core,04/09/2015 11:42:53,524,247,07/03/2023 13:15:44,Go,2502,2481
astaxie/build-web-application-with-golang,02/08/2012 11:49:35,889,0,07/03/2023 12:28:48,Go,295,181
mozilla/pdf.js,26/04/2011 06:32:03,7247,49,07/03/2023 07:53:49,JavaScript,8817,8476
facebook/jest,10/12/2013 00:18:04,6619,190,07/03/2023 13:06:30,TypeScript,7271,6475
pi-hole/pi-hole,08/06/2014 15:02:55,2220,95,07/03/2023 13:12:42,Shell,2660,2633
karan/Projects,04/07/2013 13:37:27,110,0,07/03/2023 12:38:09,,71,32
ethereum/go-ethereum,26/12/2013 13:05:46,8419,168,07/03/2023 11:21:16,Go,7095,6853
square/retrofit,06/09/2010 21:39:43,1158,0,07/03/2023 10:27:24,Java,2627,2482
Alvin9999/new-pac,23/03/2016 08:43:36,3,0,07/03/2023 12:56:43,,1331,1004
bregman-arie/devops-exercises,03/10/2019 17:31:21,265,0,07/03/2023 13:18:13,Python,62,50
yarnpkg/yarn,19/01/2016 17:39:16,2278,150,07/03/2023 06:19:44,JavaScript,6457,4644
k88hudson/git-flight-rules,22/07/2014 20:35:09,277,0,07/03/2023 10:47:13,,69,53
mastodon/mastodon,22/02/2016 15:01:25,13449,186,07/03/2023 13:20:09,Ruby,9089,5457
vercel/hyper,01/07/2016 06:01:21,3311,86,07/03/2023 12:57:22,TypeScript,3634,2792
justjavac/awesome-wechat-weapp,22/09/2016 20:04:48,299,0,07/03/2023 10:49:02,,0,0
x64dbg/x64dbg,11/04/2015 20:48:23,745,3,07/03/2023 12:47:45,C++,2238,1716
sharkdp/bat,21/04/2018 10:52:23,1262,38,07/03/2023 13:12:22,Rust,1180,1009
tiimgreen/github-cheat-sheet,12/04/2014 16:38:42,167,0,07/03/2023 09:59:03,,56,43
FiloSottile/mkcert,25/06/2018 05:33:03,127,14,07/03/2023 11:45:17,Go,310,225
Avik-Jain/100-Days-Of-ML-Code,05/07/2018 09:11:43,50,0,07/03/2023 13:31:49,,0,0
typescript-cheatsheets/react,02/06/2018 04:08:16,386,0,07/03/2023 11:07:17,JavaScript,183,182
CorentinJ/Real-Time-Voice-Cloning,26/05/2019 08:56:15,115,0,07/03/2023 10:39:41,Python,966,876
bailicangdu/vue2-elm,23/12/2016 01:49:20,49,0,07/03/2023 10:23:43,Vue,617,506
oven-sh/bun,14/04/2021 00:48:17,831,69,07/03/2023 13:29:01,Zig,1364,849
nwjs/nw.js,04/01/2012 06:21:10,822,0,07/03/2023 13:05:56,JavaScript,7170,6297
sherlock-project/sherlock,24/12/2018 14:30:48,852,0,07/03/2023 13:17:06,Python,750,717
d2l-ai/d2l-zh,23/08/2017 04:40:24,1246,16,07/03/2023 13:28:15,Python,0,0
pixijs/pixijs,21/01/2013 22:40:50,3482,193,07/03/2023 13:14:08,TypeScript,5114,4992
rustdesk/rustdesk,28/09/2020 15:36:08,1190,8,07/03/2023 13:02:07,Rust,1520,1200
Alamofire/Alamofire,31/07/2014 05:56:19,1013,93,07/03/2023 12:43:00,Swift,2673,2638
chinese-poetry/chinese-poetry,02/09/2016 03:32:25,146,1,07/03/2023 12:57:40,JavaScript,169,81
commaai/openpilot,24/11/2016 01:33:30,8478,49,07/03/2023 11:53:00,Python,2005,1789
kamranahmedse/design-patterns-for-humans,16/02/2017 21:24:39,79,0,07/03/2023 13:10:01,,52,45
Dogfalo/materialize,12/09/2014 19:35:38,1440,41,07/03/2023 07:57:07,JavaScript,5215,4593
marktext/marktext,12/11/2017 16:05:25,1057,36,07/03/2023 12:48:51,JavaScript,2518,1560
f/awesome-chatgpt-prompts,05/12/2022 13:54:13,320,0,07/03/2023 13:31:26,HTML,0,0
Unitech/pm2,21/05/2013 03:25:25,853,119,07/03/2023 09:43:13,JavaScript,4701,3992
2dust/v2rayN,30/07/2019 03:47:24,177,146,07/03/2023 13:20:06,C#,2973,2938
apache/dubbo,19/06/2012 07:56:02,5709,74,07/03/2023 10:39:45,Java,5930,5286
ngosang/trackerslist,24/04/2016 11:57:57,46,0,07/03/2023 13:08:04,,367,360
styled-components/styled-components,16/08/2016 06:41:32,1213,134,07/03/2023 11:41:45,TypeScript,2665,2524
jgraph/drawio-desktop,25/05/2017 20:58:42,27,104,07/03/2023 12:58:35,Shell,1056,880
golang-standards/project-layout,09/09/2017 16:33:26,113,0,07/03/2023 12:04:19,Makefile,97,28
minio/minio,14/01/2015 19:23:58,8956,388,07/03/2023 13:30:02,Go,6446,6424
huginn/huginn,10/03/2013 06:00:31,1197,1,07/03/2023 06:11:52,Ruby,2021,1437
dcloudio/uni-app,12/07/2018 08:52:39,320,0,07/03/2023 10:51:21,JavaScript,3772,2805
iperov/DeepFaceLab,04/06/2018 13:10:00,120,2,07/03/2023 13:18:44,Python,1253,747
NationalSecurityAgency/ghidra,01/03/2019 03:27:48,1005,26,07/03/2023 13:27:06,Java,3672,2454
jakevdp/PythonDataScienceHandbook,10/08/2016 14:24:36,180,0,07/03/2023 12:38:52,Jupyter Notebook,174,75
dypsilon/frontend-dev-bookmarks,22/06/2013 13:23:55,329,1,07/03/2023 11:50:59,,98,80
Dreamacro/clash,10/06/2018 14:28:14,434,49,07/03/2023 13:01:57,Go,1818,1744
discourse/discourse,12/01/2013 00:25:55,20016,0,07/03/2023 12:43:39,Ruby,0,0
PowerShell/PowerShell,13/01/2016 23:41:35,7530,136,07/03/2023 12:30:30,C#,10947,7616
rclone/rclone,16/03/2014 16:19:57,1969,90,07/03/2023 11:15:50,Go,4779,3990
isocpp/CppCoreGuidelines,19/08/2015 20:22:52,975,4,07/03/2023 11:34:34,Python,1062,860
grpc/grpc,08/12/2014 18:58:53,21629,240,07/03/2023 13:10:03,C++,10649,10045
impress/impress.js,28/12/2011 22:23:19,371,15,07/03/2023 06:53:09,JavaScript,468,415
pandas-dev/pandas,24/08/2010 01:37:33,27720,93,07/03/2023 12:16:18,Python,24062,20512
Leaflet/Leaflet,22/09/2010 16:57:44,3761,30,07/03/2023 12:49:24,JavaScript,5000,4642
yangshun/front-end-interview-handbook,13/01/2018 19:40:08,256,0,07/03/2023 11:02:43,JavaScript,87,74
faif/python-patterns,06/06/2012 21:02:35,320,0,07/03/2023 12:24:57,Python,82,73
GitSquared/edex-ui,28/01/2017 09:35:02,475,29,07/03/2023 11:40:38,JavaScript,559,553
fastlane/fastlane,02/12/2014 17:00:38,7131,530,07/03/2023 09:23:18,Ruby,12474,12243
vuetifyjs/vuetify,12/09/2016 00:39:35,4392,462,07/03/2023 13:10:07,TypeScript,11806,10583
google/zx,05/05/2021 05:50:01,196,55,07/03/2023 13:25:45,JavaScript,314,288
FreeCodeCampChina/freecodecamp.cn,30/09/2016 03:13:43,72,0,07/03/2023 04:55:18,CSS,585,445
BurntSushi/ripgrep,11/03/2016 02:02:33,706,66,07/03/2023 13:22:52,Rust,1422,1286
hashicorp/terraform,13/03/2014 22:25:48,12905,238,07/03/2023 12:48:53,Go,19561,17958
hexojs/hexo,23/09/2012 15:17:08,1137,107,07/03/2023 12:54:22,JavaScript,3836,3764
alex/what-happens-when,07/11/2013 04:30:06,453,0,07/03/2023 12:12:35,,141,29
PhilJay/MPAndroidChart,25/04/2014 14:29:47,491,44,07/03/2023 10:11:22,Java,4864,2872
youngyangyang04/leetcode-master,14/12/2019 12:05:42,1782,0,07/03/2023 13:13:09,Shell,151,49
agalwood/Motrix,18/12/2018 11:45:05,219,14,07/03/2023 13:24:47,JavaScript,1112,498
wagoodman/dive,13/05/2018 15:44:01,161,24,07/03/2023 12:52:24,Go,272,147
ultralytics/yolov5,18/05/2020 03:45:11,2373,10,07/03/2023 13:31:52,Python,7660,7434
streamich/react-use,27/10/2018 10:16:05,1946,249,07/03/2023 10:25:02,TypeScript,535,225
vuejs/core,12/06/2018 13:49:36,3387,137,07/03/2023 13:16:26,TypeScript,3824,3250
nektos/act,02/01/2019 19:53:43,744,52,07/03/2023 12:08:32,Go,825,738
akullpp/awesome-java,09/07/2014 10:12:43,903,0,07/03/2023 13:18:57,,118,118
poteto/hiring-without-whiteboards,15/03/2017 05:09:01,1320,0,07/03/2023 13:27:39,JavaScript,0,0
Homebrew/brew,06/03/2016 05:08:38,10219,292,07/03/2023 12:10:36,Ruby,3911,3876
apache/spark,25/02/2014 08:00:08,40290,0,07/03/2023 12:28:23,Scala,0,0
rust-lang/rustlings,15/09/2015 02:25:18,942,34,07/03/2023 13:12:22,Rust,468,376
videojs/video.js,14/05/2010 18:45:10,2976,281,07/03/2023 12:23:13,JavaScript,4971,4569
php/php-src,16/06/2011 01:52:25,9392,0,07/03/2023 08:59:05,C,1296,936
go-gitea/gitea,01/11/2016 02:13:26,12761,162,07/03/2023 13:15:23,Go,10400,8395
slatedocs/slate,13/09/2013 22:15:24,926,28,07/03/2023 13:12:39,SCSS,599,552
RocketChat/Rocket.Chat,19/05/2015 07:36:09,12904,742,07/03/2023 10:04:31,TypeScript,15009,12073
brillout/awesome-react-components,24/06/2016 15:19:33,346,0,07/03/2023 12:40:18,,44,44
floodsung/Deep-Learning-Papers-Reading-Roadmap,14/10/2016 11:49:48,92,0,07/03/2023 11:54:29,Python,53,4
laurent22/joplin,16/01/2017 21:49:41,2708,275,07/03/2023 13:14:35,TypeScript,5134,4856
chubin/cheat.sh,07/05/2017 21:40:56,151,0,07/03/2023 12:26:59,Python,225,123
romkatv/powerlevel10k,24/02/2019 19:09:45,188,30,07/03/2023 13:23:44,Shell,2021,1988
evanw/esbuild,14/06/2016 16:08:50,342,234,07/03/2023 13:27:19,Go,2595,2330
quilljs/quill,30/07/2012 23:23:18,573,82,07/03/2023 12:13:52,JavaScript,3164,1922
apachecn/ailearning,25/02/2017 08:53:02,528,2,07/03/2023 12:54:50,Python,106,103
nocodb/nocodb,29/10/2017 18:51:48,1975,90,07/03/2023 12:54:18,TypeScript,2038,1671
gorhill/uBlock,01/04/2015 17:51:11,356,270,07/03/2023 13:17:20,JavaScript,3451,3438
FFmpeg/FFmpeg,14/04/2011 14:12:38,381,0,07/03/2023 12:52:39,C,0,0
nodejs/node-v0.x-archive,27/05/2009 16:29:46,3796,0,07/03/2023 06:05:09,,6380,5845
0voice/interview_internal_reference,10/06/2019 06:54:19,44,0,07/03/2023 09:35:25,Python,45,18
kelseyhightower/kubernetes-the-hard-way,07/07/2016 14:15:27,357,0,07/03/2023 13:03:49,,371,290
alvarotrigo/fullPage.js,20/09/2013 11:58:29,506,86,07/03/2023 11:20:23,JavaScript,3980,3830
serhii-londar/open-source-mac-os-apps,03/11/2017 02:35:33,637,0,07/03/2023 13:11:01,,178,138
nolimits4web/swiper,14/03/2012 19:11:45,763,36,07/03/2023 13:10:05,JavaScript,4784,4610
lerna/lerna,04/12/2015 09:36:55,1127,207,07/03/2023 11:21:10,TypeScript,2385,2070
meilisearch/meilisearch,23/04/2018 11:45:28,1472,130,07/03/2023 09:22:24,Rust,1408,1307
Kong/kong,17/11/2014 23:56:08,5568,128,07/03/2023 13:02:25,Lua,4059,3855
google/styleguide,20/05/2015 19:18:59,409,0,07/03/2023 10:38:50,HTML,310,117
sahat/hackathon-starter,13/11/2013 17:24:12,587,14,07/03/2023 09:16:27,JavaScript,615,607
preactjs/preact,11/09/2015 02:40:18,2080,180,07/03/2023 12:21:17,JavaScript,1631,1488
iamadamdev/bypass-paywalls-chrome,07/04/2018 20:33:19,193,33,07/03/2023 13:24:22,JavaScript,999,998
wg/wrk,20/03/2012 11:12:28,126,0,07/03/2023 13:29:57,C,380,257
Asabeneh/30-Days-Of-JavaScript,23/12/2019 14:07:40,491,0,07/03/2023 13:10:16,JavaScript,106,47
nlohmann/json,04/07/2013 08:47:49,920,43,07/03/2023 12:54:34,C++,2099,2055
dkhamsing/open-source-ios-apps,26/01/2015 23:32:34,842,37,07/03/2023 12:43:25,,252,252
ant-design/ant-design-pro,25/08/2017 10:40:44,1395,26,07/03/2023 09:38:18,TypeScript,9002,8783
koajs/koa,20/07/2013 18:53:45,811,0,07/03/2023 12:54:21,JavaScript,884,848
jeecgboot/jeecg-boot,26/11/2018 10:40:00,183,25,07/03/2023 13:25:06,Java,3911,3851
photonstorm/phaser,12/04/2013 12:27:51,2227,134,07/03/2023 13:13:51,JavaScript,4067,3985
airbnb/lottie-android,06/10/2016 22:42:42,679,44,07/03/2023 10:03:33,Java,1539,1523
react-hook-form/react-hook-form,05/03/2019 23:47:10,2139,509,07/03/2023 13:16:33,TypeScript,3658,3656
skylot/jadx,18/03/2013 17:08:21,429,27,07/03/2023 13:05:33,Java,1350,1063
eugenp/tutorials,29/04/2013 18:26:36,12937,0,07/03/2023 11:05:41,Java,655,633
pingcap/tidb,06/09/2015 04:01:52,27650,164,07/03/2023 11:50:07,Go,14243,11260
getsentry/sentry,30/08/2010 22:06:41,38422,99,07/03/2023 12:59:03,Python,6448,5731
adobe/brackets,07/12/2011 21:14:40,5606,69,07/03/2023 12:08:05,JavaScript,9686,7067
shadowsocks/shadowsocks-android,16/12/2012 13:40:29,371,184,07/03/2023 12:25:23,Kotlin,2450,2422
exacity/deeplearningbook-chinese,07/12/2016 11:46:51,34,7,07/03/2023 12:46:53,TeX,199,138
open-guides/og-aws,13/07/2016 17:30:16,583,0,07/03/2023 12:29:12,Shell,222,86
jgraph/drawio,06/09/2016 12:59:15,148,727,07/03/2023 11:09:32,JavaScript,2854,2478
bumptech/glide,08/07/2013 22:52:33,776,43,07/03/2023 12:46:15,Java,4219,3832
TanStack/query,10/09/2019 19:23:58,1532,492,07/03/2023 13:01:23,TypeScript,1225,1193
google-research/bert,25/10/2018 22:57:34,198,0,07/03/2023 13:26:12,Python,1120,349
AFNetworking/AFNetworking,31/05/2011 21:28:44,1517,40,07/03/2023 09:47:50,Objective-C,0,0
shadowsocks/shadowsocks,20/04/2012 13:10:49,159,2,07/03/2023 08:03:29,Python,0,0
tabler/tabler,01/02/2018 09:08:59,644,39,07/03/2023 07:36:18,HTML,707,646
AobingJava/JavaFamily,12/11/2019 04:26:18,14,0,07/03/2023 12:05:27,,59,58
BVLC/caffe,12/09/2013 18:39:48,2240,14,07/03/2023 11:21:52,C++,4787,3892
jesseduffield/lazygit,19/05/2018 00:53:06,1077,138,07/03/2023 13:31:41,Go,1255,850
microsoft/monaco-editor,07/06/2016 16:56:31,401,0,07/03/2023 09:45:56,JavaScript,3138,2650
dylanaraps/pure-bash-bible,13/06/2018 01:39:33,59,0,07/03/2023 12:45:52,Shell,70,32
nativefier/nativefier,05/07/2015 05:56:42,321,94,07/03/2023 13:06:03,TypeScript,1186,965
rust-unofficial/awesome-rust,17/07/2014 10:45:10,1319,0,07/03/2023 13:22:23,Rust,117,106
starship/starship,02/04/2019 03:23:12,2721,117,07/03/2023 12:00:52,Rust,1768,1359
zenorocha/clipboard.js,18/09/2015 23:04:55,223,42,07/03/2023 11:57:08,JavaScript,609,604
topjohnwu/Magisk,08/09/2016 12:42:53,1813,126,07/03/2023 12:13:22,C++,4694,4670
gulpjs/gulp,04/07/2013 05:26:06,663,22,07/03/2023 12:08:08,JavaScript,1880,1856
GokuMohandas/Made-With-ML,05/11/2018 03:44:27,175,0,07/03/2023 12:58:31,Jupyter Notebook,45,45
vlang/v,08/02/2019 02:57:06,9424,142,07/03/2023 13:31:31,V,7006,6152
iina/iina,19/12/2016 07:18:45,831,40,07/03/2023 12:58:06,Swift,3327,1864
LeCoupa/awesome-cheatsheets,09/11/2017 02:47:15,258,0,07/03/2023 12:03:51,JavaScript,66,42
jondot/awesome-react-native,26/03/2015 19:58:06,1045,0,07/03/2023 01:53:46,JavaScript,66,35
istio/istio,18/11/2016 23:57:21,26449,287,07/03/2023 08:55:24,Go,17275,16773
immutable-js/immutable-js,02/07/2014 06:02:29,712,66,07/03/2023 01:04:06,TypeScript,1219,1119
AppFlowy-IO/AppFlowy,16/06/2021 12:56:48,1088,25,07/03/2023 13:26:36,Dart,766,383
NervJS/taro,08/04/2018 09:32:26,3381,142,07/03/2023 09:55:11,TypeScript,9476,8543
satwikkansal/wtfpython,28/08/2017 20:22:19,122,2,07/03/2023 13:30:01,Python,176,118
SheetJS/sheetjs,03/12/2012 19:25:52,318,0,07/03/2023 11:24:48,JavaScript,2377,2265
unknwon/the-way-to-go_ZH_CN,24/03/2013 17:18:38,693,0,07/03/2023 12:51:49,Go,0,0
formulahendry/955.WLB,27/03/2019 23:53:37,60,0,07/03/2023 11:40:29,,243,72
google/material-design-lite,14/01/2015 22:01:33,1188,14,06/03/2023 10:50:01,HTML,2176,1810
firstcontributions/first-contributions,20/09/2016 14:35:09,63839,0,07/03/2023 12:23:44,,566,536
geekxh/hello-algorithm,29/05/2020 05:47:09,30,0,07/03/2023 08:11:36,Java,38,32
google/leveldb,27/08/2014 21:17:52,353,21,07/03/2023 08:32:17,C++,704,518
jaredpalmer/formik,14/06/2017 19:50:59,1226,170,07/03/2023 12:38:26,TypeScript,2140,1499
xitu/gold-miner,04/11/2015 03:29:13,3891,0,07/03/2023 10:52:07,,5544,5543
carbon-app/carbon,16/06/2017 02:50:28,790,215,07/03/2023 09:32:22,JavaScript,630,596
Blankj/AndroidUtilCode,30/07/2016 18:18:32,210,117,07/03/2023 12:35:48,Java,1511,1270
alibaba/arthas,29/08/2018 17:15:57,699,47,07/03/2023 12:17:54,Java,1682,1448
gto76/python-cheatsheet,25/01/2018 04:16:53,89,0,07/03/2023 07:43:28,Python,56,49
XX-net/XX-Net,15/01/2015 09:35:51,481,359,07/03/2023 12:56:52,Python,13154,5307
go-gorm/gorm,25/10/2013 08:31:38,1109,2,07/03/2023 13:07:18,Go,4967,4769
metabase/metabase,02/02/2015 19:25:47,15990,330,07/03/2023 12:25:58,Clojure,12972,10405
koalaman/shellcheck,17/11/2012 03:15:11,334,28,07/03/2023 12:59:49,Haskell,2356,1511
cli/cli,03/10/2019 15:24:53,2181,101,07/03/2023 13:06:27,Go,3323,2927
psf/black,14/03/2018 19:54:45,1345,26,07/03/2023 10:32:18,Python,2215,1855
chakra-ui/chakra-ui,17/08/2019 14:27:54,2822,1000,07/03/2023 11:49:07,TypeScript,3124,2992
QSCTech/zju-icicles,28/06/2016 16:17:32,219,0,07/03/2023 13:12:36,HTML,59,50
bilibili/ijkplayer,03/06/2013 04:12:04,225,0,07/03/2023 09:47:19,C,5256,2517
Trinea/android-open-project,05/01/2014 15:20:15,287,0,07/03/2023 08:11:52,,82,71
shadowsocks/ShadowsocksX-NG,10/06/2016 11:49:00,117,27,07/03/2023 07:32:44,Swift,1314,1034
dotnet/aspnetcore,11/03/2014 06:09:42,14920,174,07/03/2023 13:13:20,C#,28482,26022
date-fns/date-fns,06/10/2014 10:24:22,1525,105,07/03/2023 13:31:37,TypeScript,1572,1171
blueimp/jQuery-File-Upload,01/12/2010 15:35:32,371,0,05/03/2023 16:31:51,PHP,3308,3259
type-challenges/type-challenges,23/07/2020 14:33:11,571,0,07/03/2023 13:14:08,TypeScript,23968,2216
spf13/cobra,03/09/2013 20:40:26,911,19,07/03/2023 12:23:53,Go,1004,886
freeCodeCamp/devdocs,24/10/2013 18:16:07,841,0,07/03/2023 13:01:04,Ruby,1071,944
testerSunshine/12306,17/05/2017 12:23:40,145,1,06/03/2023 09:46:06,Python,682,466
pyenv/pyenv,31/08/2012 06:57:52,934,70,07/03/2023 11:13:23,Roff,1567,1545
dbeaver/dbeaver,21/10/2015 08:26:28,3828,171,07/03/2023 13:24:31,Java,14161,12447
netty/netty,09/11/2010 09:22:21,7052,0,07/03/2023 08:35:11,Java,6062,5548
zxing/zxing,12/10/2011 14:07:27,346,29,07/03/2023 12:36:56,Java,1193,1187
junegunn/vim-plug,10/09/2013 14:58:51,249,5,07/03/2023 11:39:13,Vim Script,968,861
typeorm/typeorm,29/02/2016 07:41:14,2519,24,07/03/2023 09:45:33,TypeScript,7304,5487
acmesh-official/acme.sh,26/12/2015 12:56:33,1866,39,07/03/2023 13:22:12,Shell,2634,1826
louislam/uptime-kuma,03/07/2021 01:02:42,901,78,07/03/2023 11:07:00,JavaScript,1968,1203
denysdovhan/wtfjs,14/07/2017 15:42:12,187,25,07/03/2023 09:30:49,JavaScript,105,96
mitmproxy/mitmproxy,16/02/2010 04:10:13,2530,48,07/03/2023 08:35:04,Python,2988,2747
sorrycc/awesome-javascript,01/07/2014 15:59:02,752,0,07/03/2023 10:30:35,,82,80
openai/gym,27/04/2016 14:59:16,1438,19,07/03/2023 11:20:46,Python,1746,1704
fxsjy/jieba,29/09/2012 07:52:01,164,9,07/03/2023 09:33:21,Python,818,215
ruanyf/weekly,13/10/2018 12:36:07,82,0,07/03/2023 13:13:48,,2851,558
bayandin/awesome-awesomeness,08/07/2014 05:44:19,403,0,07/03/2023 13:14:57,Ruby,62,51
carbon-language/carbon-lang,27/04/2020 21:45:16,1912,0,07/03/2023 13:09:23,C++,486,350
vim/vim,18/08/2015 21:03:56,5016,0,07/03/2023 13:25:24,Vim Script,7067,5816
certbot/certbot,12/11/2014 02:52:20,4446,40,07/03/2023 07:18:52,Python,5122,4635
appwrite/appwrite,08/04/2019 16:36:25,2500,55,07/03/2023 12:13:31,TypeScript,2281,1758
rapid7/metasploit-framework,30/08/2011 06:13:20,11933,0,07/03/2023 13:11:55,Ruby,5447,4945
naptha/tesseract.js,24/06/2015 02:49:52,163,38,07/03/2023 13:18:57,JavaScript,548,525
prisma/prisma,20/06/2019 13:33:47,5043,152,07/03/2023 12:40:13,TypeScript,8060,5435
vuejs/vue-cli,26/12/2015 23:11:20,1799,177,07/03/2023 09:59:19,JavaScript,5421,4530
joshbuchea/HEAD,20/04/2016 20:05:37,148,0,07/03/2023 00:47:03,,91,73
aria2/aria2,27/11/2010 09:41:48,311,23,07/03/2023 13:08:09,C++,1712,766
beego/beego,29/02/2012 02:32:08,1902,20,07/03/2023 11:05:30,Go,3244,3235
foundation/foundation-sites,13/10/2011 23:05:42,4091,76,07/03/2023 09:46:22,HTML,8167,8127
atlassian/react-beautiful-dnd,09/08/2017 03:37:15,947,68,07/03/2023 11:26:47,JavaScript,1521,1025
apache/airflow,13/04/2015 18:04:58,20155,60,07/03/2023 10:50:42,Python,6957,6241
hasura/graphql-engine,18/06/2018 07:57:36,3289,182,07/03/2023 06:33:33,TypeScript,5433,3522
CSSEGISandData/COVID-19,04/02/2020 22:03:53,2767,0,07/03/2023 12:58:35,,3759,2079
DovAmir/awesome-design-patterns,04/06/2018 17:47:48,49,0,07/03/2023 13:09:20,,9,4
bannedbook/fanqiang,14/01/2015 00:34:25,9,2,07/03/2023 13:18:19,Kotlin,677,402
sickcodes/Docker-OSX,04/06/2020 11:01:37,112,0,07/03/2023 09:53:31,Shell,480,234
halfrost/LeetCode-Go,18/07/2017 00:06:14,194,4,07/03/2023 12:41:54,Go,71,57
ariya/phantomjs,27/12/2010 08:18:58,1137,0,06/03/2023 10:54:29,C++,4748,4734
markedjs/marked,24/07/2011 13:15:51,1365,89,07/03/2023 12:36:27,JavaScript,1307,1272
google/googletest,28/07/2015 15:07:53,1868,6,07/03/2023 12:14:19,C++,2071,1838
mqyqingfeng/Blog,13/03/2017 10:04:33,8,0,07/03/2023 10:53:19,,308,97
lukehoban/es6features,03/03/2014 18:29:30,76,0,07/03/2023 11:12:47,,57,36
laravel/framework,10/01/2013 21:27:28,26680,604,07/03/2023 12:51:22,PHP,16890,16878
freefq/free,07/06/2020 02:48:33,12,0,07/03/2023 13:08:13,,475,151
react-boilerplate/react-boilerplate,18/02/2015 14:36:32,1189,16,07/03/2023 09:10:26,JavaScript,1892,1822
Z4nzu/hackingtool,11/04/2020 09:21:31,78,0,07/03/2023 13:07:51,Python,258,249
typicode/husky,23/06/2014 12:14:21,341,60,07/03/2023 09:52:29,JavaScript,884,869
xkcoding/spring-boot-demo,10/11/2017 06:27:29,76,0,07/03/2023 11:57:23,Java,152,71
alibaba/p3c,23/06/2017 06:15:51,130,0,07/03/2023 13:22:33,Kotlin,823,694
mathiasbynens/dotfiles,05/09/2011 18:07:54,602,0,07/03/2023 12:26:11,Shell,377,241
docker/compose,09/12/2013 11:40:58,3514,191,07/03/2023 09:56:38,Go,6703,6485
n8n-io/n8n,22/06/2019 09:24:21,4637,8,07/03/2023 11:28:38,TypeScript,990,868
curl/curl,18/03/2010 22:32:22,6517,65,07/03/2023 09:14:07,C,3780,3733
ityouknow/spring-boot-examples,05/11/2016 05:32:33,47,0,07/03/2023 12:06:05,Java,104,99
PaddlePaddle/PaddleOCR,08/05/2020 10:38:16,2507,6,07/03/2023 13:08:55,Python,6655,5426
amix/vimrc,29/05/2012 16:19:29,231,0,07/03/2023 13:05:05,Vim Script,495,489
elsewhencode/project-guidelines,30/06/2017 10:17:55,130,0,07/03/2023 09:50:33,JavaScript,38,28
ReactiveX/rxjs,15/03/2015 06:17:10,3779,0,07/03/2023 09:44:13,TypeScript,3082,2875
lib-pku/libpku,22/11/2018 13:33:06,34,0,07/03/2023 13:12:29,TeX,41,31
odoo/odoo,13/05/2014 15:38:58,96787,0,07/03/2023 13:01:40,JavaScript,16041,13104
ziadoz/awesome-php,26/11/2013 03:14:19,1060,0,07/03/2023 09:38:25,,124,123
square/leakcanary,29/04/2015 23:54:16,978,31,07/03/2023 08:26:45,Kotlin,1485,1409
hankcs/HanLP,09/10/2014 06:36:16,124,57,07/03/2023 12:17:45,Python,1360,1353
IanLunn/Hover,02/01/2014 14:27:35,65,10,07/03/2023 03:32:21,SCSS,104,83
shengxinjing/programmer-job-blacklist,25/06/2016 06:09:10,42,0,07/03/2023 06:41:31,Shell,331,181
airbnb/lottie-web,20/02/2015 21:02:59,212,0,07/03/2023 12:09:52,JavaScript,2716,2091
jgm/pandoc,20/03/2010 20:34:23,1835,116,07/03/2023 13:23:27,Haskell,6716,5864
tastejs/todomvc,03/06/2011 19:56:33,1307,5,06/03/2023 11:29:58,JavaScript,765,629
aosabook/500lines,04/11/2013 02:02:53,230,0,07/03/2023 07:33:08,JavaScript,69,39
pmndrs/zustand,09/04/2019 09:10:06,546,67,07/03/2023 13:16:00,TypeScript,573,562
symfony/symfony,04/01/2010 14:21:21,29656,422,07/03/2023 13:29:43,PHP,18299,17774
codepath/android_guides,19/06/2013 10:24:45,23,0,07/03/2023 06:33:53,,378,219
withastro/astro,15/03/2021 17:19:47,3880,986,07/03/2023 13:11:35,TypeScript,2394,2287
jashkenas/backbone,30/09/2010 19:41:28,1849,0,07/03/2023 04:24:57,JavaScript,2397,2352
Light-City/CPlusPlusThings,14/07/2019 08:45:45,84,0,07/03/2023 12:58:48,C++,183,181
standard/standard,27/01/2015 01:23:31,654,4,07/03/2023 12:28:46,JavaScript,1196,1110
mingrammer/diagrams,02/02/2020 15:23:24,433,39,07/03/2023 09:47:51,Python,418,178
vuejs/vuex,16/07/2015 04:21:26,956,51,07/03/2023 12:59:12,JavaScript,1248,1164
tmux/tmux,03/06/2015 23:32:55,516,34,07/03/2023 13:26:30,C,2966,2943
sudheerj/reactjs-interview-questions,31/05/2018 17:17:01,157,0,07/03/2023 13:01:59,JavaScript,76,72
kenwheeler/slick,24/03/2014 02:10:05,685,48,07/03/2023 09:29:56,JavaScript,3549,2380
0xAX/linux-insides,03/01/2015 18:44:57,645,0,07/03/2023 11:44:35,Python,175,150
huihut/interview,09/02/2018 09:49:48,46,0,07/03/2023 12:36:40,C++,52,40
caolan/async,01/06/2010 21:01:30,780,7,06/03/2023 20:00:46,JavaScript,1112,1101
goabstract/Awesome-Design-Tools,12/02/2019 13:55:30,384,0,07/03/2023 09:34:00,JavaScript,32,25
niklasvh/html2canvas,16/07/2011 01:05:58,468,45,07/03/2023 10:52:59,TypeScript,2456,1636
apolloconfig/apollo,04/03/2016 10:24:23,1578,38,07/03/2023 11:44:45,Java,2971,2840
PKUanonym/REKCARC-TSC-UHT,05/04/2019 03:31:23,127,0,07/03/2023 13:12:15,HTML,27,26
google-research/google-research,04/10/2018 18:42:48,446,0,07/03/2023 13:23:52,Jupyter Notebook,954,272
webtorrent/webtorrent,15/10/2013 08:16:40,858,103,07/03/2023 05:23:57,JavaScript,1557,1477
sequelize/sequelize,22/07/2010 07:11:11,5394,442,07/03/2023 13:24:30,JavaScript,10007,9247
kodecocodes/swift-algorithm-club,26/01/2016 17:56:12,796,0,07/03/2023 12:42:48,Swift,212,182
ccxt/ccxt,14/05/2017 15:41:56,8705,0,07/03/2023 12:40:38,JavaScript,8287,7591
composer/composer,08/06/2011 08:53:00,3717,177,07/03/2023 13:17:03,PHP,7325,7189
ClickHouse/ClickHouse,02/06/2016 08:28:18,32173,439,07/03/2023 12:04:23,C++,14847,12200
postcss/postcss,24/09/2013 23:06:48,865,233,07/03/2023 13:14:14,TypeScript,904,886
geekcomputers/Python,30/11/2011 09:04:08,1516,0,07/03/2023 11:16:21,Python,312,109
Binaryify/NeteaseCloudMusicApi,22/06/2016 11:58:03,407,170,07/03/2023 12:41:18,JavaScript,1238,1143
Homebrew/legacy-homebrew,20/05/2009 19:38:37,33606,0,03/03/2023 10:14:47,,17034,17034
herrbischoff/awesome-macos-command-line,22/09/2015 19:37:55,181,0,07/03/2023 10:39:10,,0,0
fengdu78/Coursera-ML-AndrewNg-Notes,04/11/2017 10:04:08,31,0,07/03/2023 12:57:02,HTML,64,15
hashicorp/vault,25/02/2015 00:15:59,14009,84,07/03/2023 12:54:37,Go,5374,4513
TencentARC/GFPGAN,19/03/2021 06:18:20,38,8,07/03/2023 13:28:00,Python,290,102
donnemartin/interactive-coding-challenges,28/04/2015 21:36:39,237,0,07/03/2023 13:19:29,Python,64,31
Kong/insomnia,23/04/2016 03:54:26,2339,312,07/03/2023 12:45:39,JavaScript,2898,2463
alibaba/easyexcel,06/02/2018 03:14:08,340,5,07/03/2023 13:22:28,Java,2659,2468
crossoverJie/JCSprout,17/12/2017 09:06:50,114,0,07/03/2023 08:29:32,Java,89,59
massgravel/Microsoft-Activation-Scripts,12/01/2020 23:03:34,11,6,07/03/2023 13:09:18,Batchfile,137,136
trailofbits/algo,15/05/2016 03:42:48,675,2,07/03/2023 09:48:03,Jinja,1532,1402
babysor/MockingBird,07/08/2021 03:53:39,80,1,07/03/2023 12:41:05,Python,750,377
VincentGarreau/particles.js,06/09/2014 14:29:47,109,6,07/03/2023 04:30:01,JavaScript,392,102
jashkenas/underscore,25/10/2009 18:31:06,1550,0,07/03/2023 12:41:48,JavaScript,1413,1383
layui/layui,22/09/2015 08:12:03,375,73,07/03/2023 13:27:50,JavaScript,597,596
pcottle/learnGitBranching,13/08/2012 22:36:09,589,0,07/03/2023 12:42:54,JavaScript,440,422
openai/whisper,16/09/2022 20:02:54,103,3,07/03/2023 12:59:35,Jupyter Notebook,0,0
alebcay/awesome-shell,07/07/2014 01:57:42,423,0,07/03/2023 12:25:05,,49,19
microsoft/calculator,28/01/2019 17:55:49,1029,0,07/03/2023 10:40:09,C++,925,645
cockroachdb/cockroach,06/02/2014 00:18:47,48365,0,07/03/2023 12:51:05,Go,49618,44175
fzaninotto/Faker,14/10/2011 22:49:02,1504,12,07/03/2023 10:37:27,PHP,570,494
Tencent/weui,18/12/2014 04:09:54,268,39,07/03/2023 07:10:57,HTML,657,613
httpie/httpie,25/02/2012 12:39:13,570,44,07/03/2023 11:45:42,Python,806,677
Advanced-Frontend/Daily-Interview-Question,19/01/2019 10:49:00,23,0,07/03/2023 08:44:01,JavaScript,553,297
yewstack/yew,16/12/2017 14:19:02,1789,33,07/03/2023 11:04:57,Rust,1122,1028
PKUFlyingPig/cs-self-learning,20/10/2021 13:43:42,189,2,07/03/2023 13:06:39,HTML,110,60
ZuzooVn/machine-learning-for-software-engineers,09/10/2016 21:20:25,84,0,07/03/2023 12:49:15,,22,8
sharkdp/fd,09/05/2017 21:27:10,534,35,07/03/2023 13:27:53,Rust,723,656
fastify/fastify,28/09/2016 19:10:14,2698,251,07/03/2023 13:14:30,JavaScript,1654,1598
alibaba/druid,03/11/2011 05:12:51,1304,48,07/03/2023 11:28:14,Java,3820,1417
houshanren/hangzhou_house_knowledge,24/02/2018 01:54:18,13,0,07/03/2023 03:44:47,CSS,0,0
bradtraversy/50projects50days,16/11/2020 14:39:01,132,0,07/03/2023 13:17:56,CSS,0,0
ianstormtaylor/slate,18/06/2016 01:52:42,2236,128,07/03/2023 12:30:34,TypeScript,2971,2422
harness/drone,07/02/2014 07:54:44,1417,25,07/03/2023 11:16:25,Go,1786,1733
transloadit/uppy,16/11/2015 12:32:33,2359,52,07/03/2023 12:34:57,JavaScript,1978,1876
danielgindi/Charts,20/03/2015 10:49:12,880,36,07/03/2023 12:43:13,Swift,4132,3317
swc-project/swc,22/12/2017 11:40:14,4058,237,07/03/2023 13:12:17,Rust,2512,2197
files-community/Files,04/01/2019 18:19:14,3996,83,07/03/2023 10:38:11,C#,7438,7052
SortableJS/Sortable,19/12/2013 10:10:13,491,24,07/03/2023 12:15:57,JavaScript,1681,1278
coreybutler/nvm-windows,20/09/2014 16:37:28,136,18,07/03/2023 13:33:11,Go,721,649
solidjs/solid,24/04/2018 16:36:27,346,32,07/03/2023 13:01:07,TypeScript,686,664
sqlmapproject/sqlmap,26/06/2012 09:52:15,343,8,07/03/2023 09:17:56,Python,4885,4833
mobxjs/mobx,14/03/2015 14:31:38,1213,84,07/03/2023 07:55:33,TypeScript,1859,1839
CMU-Perceptual-Computing-Lab/openpose,24/04/2017 14:06:31,240,15,07/03/2023 12:49:50,C++,1847,1640
halo-dev/halo,21/03/2018 12:56:52,1187,109,07/03/2023 11:58:16,Java,2165,1883
byoungd/English-level-up-tips,30/05/2017 07:18:52,29,0,07/03/2023 13:26:53,,73,56
WerWolv/ImHex,10/11/2020 14:27:00,290,54,07/03/2023 11:58:59,C++,634,528
GoogleChrome/lighthouse,08/03/2016 01:03:11,5393,96,07/03/2023 10:16:21,JavaScript,8569,8016
hashicorp/consul,04/11/2013 22:15:27,11361,130,07/03/2023 12:50:31,Go,5059,4030
nvie/gitflow,20/01/2010 23:14:12,218,0,07/03/2023 11:39:54,Shell,357,125
parallax/jsPDF,06/12/2009 14:56:32,1229,32,07/03/2023 12:36:47,JavaScript,2330,2194
cheeriojs/cheerio,09/10/2011 04:23:20,1907,57,07/03/2023 06:09:13,TypeScript,1115,1104
kubernetes/minikube,15/04/2016 22:38:35,7597,138,07/03/2023 10:10:56,Go,8355,7556
ibraheemdev/modern-unix,12/01/2021 00:50:14,49,0,07/03/2023 10:49:01,,66,11
angular/angular-cli,04/06/2015 19:49:37,10297,576,07/03/2023 13:13:44,TypeScript,14144,13937
realpython/python-guide,15/03/2011 03:24:20,844,0,07/03/2023 03:05:54,Batchfile,268,173
SeleniumHQ/selenium,14/01/2013 21:40:56,2806,80,07/03/2023 12:39:24,Java,8803,8647
OAI/OpenAPI-Specification,03/03/2014 16:53:36,1030,10,07/03/2023 12:52:31,JavaScript,1962,1447
rethinkdb/rethinkdb,30/10/2012 05:37:47,683,71,07/03/2023 03:58:44,C++,6363,5026
geekcompany/ResumeSample,08/09/2014 08:08:13,10,0,07/03/2023 12:09:53,,0,0
jobbole/awesome-python-cn,03/11/2015 09:50:50,82,0,07/03/2023 12:51:41,Makefile,27,17
vercel/swr,28/10/2019 18:16:01,792,93,07/03/2023 13:23:00,TypeScript,728,650
zhongyang219/TrafficMonitor,30/07/2017 02:51:17,56,24,07/03/2023 12:02:58,C++,1398,594
JedWatson/react-select,26/08/2014 04:27:45,1692,46,07/03/2023 12:46:43,TypeScript,3414,3196
yunjey/pytorch-tutorial,10/03/2017 07:41:47,67,0,07/03/2023 13:05:49,Python,176,112
jesseduffield/lazydocker,18/05/2019 08:53:50,187,35,07/03/2023 12:48:05,Go,249,161
YMFE/yapi,30/05/2016 09:09:09,288,1,07/03/2023 03:46:33,JavaScript,2365,902
qiurunze123/miaosha,14/09/2018 04:36:24,69,0,07/03/2023 06:40:08,Java,77,76
codemirror/codemirror5,14/01/2011 13:44:03,2866,167,07/03/2023 13:18:11,JavaScript,4134,3747
nagadomi/waifu2x,17/05/2015 07:29:15,78,3,07/03/2023 12:48:37,Lua,348,204
JakeWharton/butterknife,05/03/2013 08:18:59,490,0,07/03/2023 12:27:55,Java,1177,1080
slidevjs/slidev,24/04/2021 01:25:23,253,221,07/03/2023 13:06:15,TypeScript,552,510
lenve/vhr,04/01/2018 08:57:51,76,0,07/03/2023 12:38:00,Java,247,94
github/fetch,13/10/2014 00:26:19,301,38,07/03/2023 03:42:36,JavaScript,624,579
request/request,23/01/2011 01:25:14,1170,0,06/03/2023 15:02:45,JavaScript,2241,2169
TheAlgorithms/JavaScript,13/07/2017 06:12:33,1111,0,07/03/2023 13:21:42,JavaScript,172,168
alibaba/nacos,15/06/2018 06:49:27,3181,52,07/03/2023 12:14:22,Java,6739,6527
dromara/hutool,13/04/2014 07:23:51,718,128,07/03/2023 10:55:08,Java,2195,2194
facebookresearch/Detectron,05/10/2017 17:32:00,99,0,07/03/2023 05:55:46,Python,922,617
select2/select2,04/03/2012 18:43:12,1488,29,07/03/2023 11:16:16,JavaScript,4741,4670
Modernizr/Modernizr,25/09/2009 20:13:23,1220,25,06/03/2023 17:59:21,JavaScript,1483,1317
explosion/spaCy,03/07/2014 15:15:40,3647,110,07/03/2023 09:19:46,Python,5360,5292
ajaxorg/ace,27/10/2010 10:43:36,2054,33,07/03/2023 11:25:29,JavaScript,2893,2775
Automattic/mongoose,06/04/2010 21:39:05,2907,80,07/03/2023 10:16:34,JavaScript,10009,9730
CamDavidsonPilon/Probabilistic-Programming-and-Bayesian-Methods-for-Hackers,14/01/2013 15:46:28,315,0,07/03/2023 10:34:20,Jupyter Notebook,240,88
zsh-users/zsh-autosuggestions,26/10/2013 16:09:37,192,0,07/03/2023 13:28:38,Shell,531,425
GitbookIO/gitbook,31/03/2014 03:01:56,386,0,07/03/2023 00:49:34,JavaScript,0,0
appsmithorg/appsmith,30/06/2020 04:07:36,8656,152,07/03/2023 12:56:24,TypeScript,12448,9317
The-Run-Philosophy-Organization/run,10/04/2022 05:42:40,212,0,07/03/2023 13:13:50,,220,202
digitalocean/nginxconfig.io,05/01/2018 14:21:14,204,0,07/03/2023 12:27:36,JavaScript,210,170
alibaba/fastjson,03/11/2011 06:58:52,848,84,07/03/2023 13:04:02,Java,3474,1658
alibaba/canal,13/01/2013 10:59:52,605,26,07/03/2023 11:29:59,Java,3986,3116
wuyouzhuguli/SpringAll,02/05/2018 02:48:44,22,0,07/03/2023 10:16:24,Java,42,27
pmndrs/react-spring,07/03/2018 15:39:32,492,46,07/03/2023 10:16:50,TypeScript,1143,1065
labstack/echo,01/03/2015 17:43:01,878,98,07/03/2023 09:15:18,Go,1324,1278
coolsnowwolf/lede,06/09/2017 07:39:03,3060,4,07/03/2023 13:06:39,C,7558,7044
proxyee-down-org/proxyee-down,25/10/2017 10:07:27,35,49,06/03/2023 07:07:13,Java,0,0
rstacruz/nprogress,20/08/2013 13:58:02,95,7,07/03/2023 04:35:58,JavaScript,149,50
encode/django-rest-framework,02/03/2011 17:13:56,4483,17,07/03/2023 12:42:58,Python,3807,3735
balena-io/etcher,27/10/2015 16:53:23,1992,252,07/03/2023 13:30:25,TypeScript,2013,1607
jamiebuilds/the-super-tiny-compiler,11/03/2016 04:19:18,58,0,07/03/2023 09:57:53,JavaScript,0,0
influxdata/influxdb,26/09/2013 14:31:10,10968,76,07/03/2023 13:30:07,Go,12801,11141
remy/nodemon,03/10/2010 12:50:52,507,87,07/03/2023 12:26:54,JavaScript,1585,1578
gofiber/fiber,16/01/2020 03:59:20,1275,103,07/03/2023 12:53:35,Go,1061,1032
hashicorp/vagrant,21/01/2010 08:34:27,3731,5,07/03/2023 12:15:06,Ruby,9308,8672
photoprism/photoprism,27/01/2018 12:00:15,573,52,07/03/2023 11:46:52,Go,1722,1366
viraptor/reverse-interview,08/09/2019 13:38:40,94,0,07/03/2023 12:42:50,,24,17
ageron/handson-ml,16/02/2016 19:48:39,117,0,07/03/2023 11:06:50,Jupyter Notebook,550,432
mattermost/mattermost-server,15/06/2015 06:50:02,15062,339,07/03/2023 06:50:30,Go,7194,6608
alibaba/spring-cloud-alibaba,01/12/2017 20:49:15,1156,32,07/03/2023 12:58:21,Java,2019,1626
ehang-io/nps,04/11/2018 13:22:51,101,59,07/03/2023 12:48:00,Go,1065,671
lyswhut/lx-music-desktop,14/08/2019 14:31:08,53,97,07/03/2023 12:58:11,TypeScript,1133,934
facebook/folly,01/06/2012 20:49:04,904,128,07/03/2023 13:21:32,C++,1006,692
portainer/portainer,19/05/2016 20:15:28,3797,102,07/03/2023 09:38:37,Go,4806,3894
lukasz-madon/awesome-remote-job,02/01/2015 00:31:34,769,0,07/03/2023 13:26:15,,45,39
donnemartin/data-science-ipython-notebooks,23/01/2015 19:38:29,57,0,07/03/2023 12:21:54,Python,35,22
immerjs/immer,29/12/2017 12:25:47,425,100,07/03/2023 08:23:53,JavaScript,594,567
nylas/nylas-mail,16/10/2014 18:29:12,255,53,07/03/2023 11:04:35,JavaScript,3420,2440
bvaughn/react-virtualized,03/11/2015 00:48:07,623,4,07/03/2023 04:04:59,JavaScript,1168,721
ggreer/the_silver_searcher,19/11/2011 19:50:47,688,0,07/03/2023 08:47:52,C,818,407
lovell/sharp,19/08/2013 20:24:24,368,55,07/03/2023 13:18:59,JavaScript,3207,3088
facebook/rocksdb,30/11/2012 06:16:18,8254,170,07/03/2023 12:38:41,C++,2789,2264
go-kit/kit,03/02/2015 00:01:19,642,12,07/03/2023 11:42:03,Go,554,519
floating-ui/floating-ui,29/03/2016 17:00:47,925,297,07/03/2023 12:04:25,TypeScript,1061,1049
AllThingsSmitty/css-protips,29/08/2015 12:29:03,106,0,07/03/2023 12:45:56,,54,49
ycm-core/YouCompleteMe,16/04/2012 03:12:14,953,0,07/03/2023 07:32:50,Python,3175,3162
dwmkerr/hacker-laws,25/01/2018 03:46:34,194,1,07/03/2023 01:35:28,Shell,200,69
cfenollosa/os-tutorial,29/09/2014 08:39:34,99,0,07/03/2023 08:46:49,C,162,98
qishibo/AnotherRedisDesktopManager,08/01/2019 06:01:56,192,43,07/03/2023 12:39:21,JavaScript,812,656
veggiemonk/awesome-docker,21/09/2014 17:01:48,931,1,07/03/2023 11:19:39,,115,115
cmderdev/cmder,09/07/2013 07:44:22,558,32,07/03/2023 12:58:23,C++,2202,2176
SDWebImage/SDWebImage,21/09/2009 17:39:19,1280,124,07/03/2023 09:22:51,Objective-C,2186,2142
ray-project/ray,25/10/2016 19:38:30,19790,63,07/03/2023 12:56:04,Python,13042,10411
hollischuang/toBeTopJavaer,25/10/2018 09:54:54,74,0,07/03/2023 08:31:02,Java,122,70
stedolan/jq,18/07/2012 19:57:25,567,9,07/03/2023 13:22:30,C,1976,1303
powerline/fonts,19/12/2012 13:31:50,135,1,07/03/2023 09:43:13,Shell,244,94
ryanhanwu/How-To-Ask-Questions-The-Smart-Way,28/03/2015 16:52:40,103,0,07/03/2023 13:15:07,JavaScript,29,21
mbeaudru/modern-js-cheatsheet,18/09/2017 14:56:00,86,0,07/03/2023 08:46:30,,48,40
apache/kafka,15/08/2011 18:06:16,13355,0,07/03/2023 11:48:40,Java,0,0
dokku/dokku,08/06/2013 10:26:57,2975,237,07/03/2023 08:53:57,Shell,2513,2475
tj/commander.js,14/08/2011 21:33:58,889,72,07/03/2023 09:40:50,JavaScript,954,949
terryum/awesome-deep-learning-papers,03/06/2016 06:48:30,73,0,07/03/2023 10:34:46,TeX,26,11
akveo/ngx-admin,25/05/2016 10:09:03,963,18,07/03/2023 12:26:13,TypeScript,1715,1316
facebookresearch/fastText,16/07/2016 13:38:42,252,4,07/03/2023 11:32:00,HTML,1056,608
greenrobot/EventBus,16/07/2012 16:55:40,127,7,06/03/2023 15:10:30,Java,572,467
ageron/handson-ml2,08/01/2019 03:49:07,125,0,07/03/2023 12:55:19,Jupyter Notebook,482,295
yuzu-emu/yuzu,03/01/2018 18:13:57,5910,0,07/03/2023 11:54:14,C++,3460,2438
fabricjs/fabric.js,09/06/2010 22:24:38,2495,120,07/03/2023 11:09:17,JavaScript,5628,5374
tqdm/tqdm,03/06/2015 13:13:14,506,120,07/03/2023 11:02:31,Python,889,563
AMAI-GmbH/AI-Expert-Roadmap,24/10/2020 21:49:40,15,0,07/03/2023 13:15:45,JavaScript,56,44
scwang90/SmartRefreshLayout,02/06/2017 09:52:50,27,10,07/03/2023 12:59:15,Java,1471,1199
remoteintech/remote-jobs,13/10/2015 03:49:25,1449,0,07/03/2023 13:25:34,JavaScript,143,132
google/python-fire,21/02/2017 21:35:07,159,9,07/03/2023 10:40:56,Python,276,169
lapce/lapce,06/02/2018 08:41:06,916,24,07/03/2023 13:14:15,Rust,1243,711
python-poetry/poetry,28/02/2018 15:23:47,2273,121,07/03/2023 12:04:09,Python,4784,4213
sindresorhus/awesome-electron,23/04/2015 11:48:53,653,0,07/03/2023 01:13:01,,41,41
SerenityOS/serenity,02/12/2018 19:28:41,14396,0,07/03/2023 12:33:31,C++,3268,2729
iview/iview,28/07/2016 01:52:59,1068,85,07/03/2023 08:49:40,Vue,5581,4468
johnpapa/angular-styleguide,29/07/2014 00:07:51,444,0,06/03/2023 15:28:11,,424,361
huggingface/pytorch-image-models,02/02/2019 05:51:12,321,41,07/03/2023 13:21:30,Python,673,606
pjreddie/darknet,11/04/2014 07:59:16,256,0,07/03/2023 08:56:18,C,2329,543
helm/helm,06/10/2015 01:07:32,4835,170,07/03/2023 09:06:16,Go,6974,6697
dmlc/xgboost,06/02/2014 17:28:03,4141,49,07/03/2023 08:20:29,C++,4731,4418
airbnb/lottie-ios,06/10/2016 22:38:38,707,57,07/03/2023 12:53:57,Swift,1188,1161
facebookresearch/detectron2,05/09/2019 21:30:20,578,10,07/03/2023 13:25:12,Python,3226,2954
xuxueli/xxl-job,28/11/2015 12:59:34,419,31,07/03/2023 11:01:57,Java,2682,1716
GorvGoyl/Clone-Wars,02/12/2020 11:10:16,134,0,07/03/2023 02:02:16,,72,62
pypa/pipenv,20/01/2017 00:44:02,1657,65,07/03/2023 11:37:29,Python,3905,3725
kataras/iris,30/01/2016 04:36:48,409,27,07/03/2023 09:02:54,Go,906,828
eugeneyan/applied-ml,04/07/2020 18:57:47,221,0,07/03/2023 09:45:31,,17,14
DIYgod/RSSHub,02/04/2018 14:43:21,7683,0,07/03/2023 09:39:47,JavaScript,4251,3994
TheAlgorithms/C-Plus-Plus,16/07/2016 10:19:45,2169,0,07/03/2023 11:25:37,C++,254,229
swagger-api/swagger-ui,15/07/2011 22:56:39,3268,255,07/03/2023 03:32:41,JavaScript,5028,4153
fastai/fastai,09/09/2017 17:43:36,2169,48,07/03/2023 06:36:57,Jupyter Notebook,1699,1568
ShareX/ShareX,08/10/2013 23:32:10,1024,76,07/03/2023 13:28:09,C#,5729,5235
nushell/nushell,10/05/2019 16:59:42,4588,68,07/03/2023 12:39:34,Rust,3446,2767
VundleVim/Vundle.vim,17/10/2010 23:17:53,241,0,07/03/2023 12:25:29,Vim Script,713,550
hammerjs/hammer.js,02/03/2012 12:58:28,250,0,06/03/2023 14:02:17,JavaScript,1034,762
CymChad/BaseRecyclerViewAdapterHelper,10/04/2016 07:40:11,280,196,07/03/2023 07:26:25,Java,3442,2922
dani-garcia/vaultwarden,17/02/2018 22:40:20,703,46,07/03/2023 12:27:46,Rust,1527,1522
seata/seata,28/12/2018 08:37:22,2287,35,07/03/2023 13:02:38,Java,3084,2455
vuejs/devtools,29/09/2014 03:52:07,409,84,07/03/2023 09:40:21,TypeScript,1517,1098
emscripten-core/emscripten,12/02/2011 05:23:30,10574,0,07/03/2023 12:07:36,C,8060,6807
react-native-elements/react-native-elements,08/09/2016 14:21:41,1602,84,07/03/2023 13:26:48,TypeScript,2028,1979
signalapp/Signal-Android,15/12/2011 20:01:12,2663,0,07/03/2023 13:21:01,Java,10069,9829
angular/components,04/01/2016 18:50:02,12708,355,07/03/2023 13:13:43,TypeScript,13926,12122
mongodb/mongo,15/01/2009 16:15:18,1511,0,07/03/2023 06:36:14,C++,0,0
sampotts/plyr,14/02/2015 11:33:07,530,83,07/03/2023 10:47:12,JavaScript,1961,1181
beurtschipper/Depix,06/12/2020 12:39:08,28,0,07/03/2023 10:34:18,Python,0,0
nsqio/nsq,12/05/2012 14:37:08,805,30,07/03/2023 06:31:56,Go,621,571
kilimchoi/engineering-blogs,13/06/2015 18:25:17,1009,0,07/03/2023 13:31:34,Ruby,84,74
alibaba/flutter-go,08/01/2019 09:03:40,189,4,07/03/2023 06:10:30,Dart,0,0
Netflix/Hystrix,19/11/2012 20:14:46,805,79,07/03/2023 10:36:06,Java,1023,681
wesbos/JavaScript30,07/12/2016 19:15:31,579,0,07/03/2023 13:19:39,HTML,0,0
Ebazhanov/linkedin-skill-assessments-quizzes,13/07/2019 19:52:56,4683,1,07/03/2023 13:25:40,Python,680,630
open-mmlab/mmdetection,22/08/2018 07:06:06,2764,49,07/03/2023 11:55:36,Python,6740,6215
alpinejs/alpine,28/11/2019 13:51:55,721,112,07/03/2023 13:22:24,HTML,585,585
littlecodersh/ItChat,19/01/2016 07:49:48,106,13,07/03/2023 08:44:36,Python,858,611
jaywcjlove/linux-command,12/11/2016 15:44:26,330,24,07/03/2023 12:10:30,Markdown,145,89
feathericons/feather,28/05/2014 19:49:55,574,51,07/03/2023 10:56:15,JavaScript,607,231
ReactiveX/RxSwift,07/04/2015 21:25:17,1272,71,07/03/2023 13:33:20,Swift,1200,1188
yichengchen/clashX,13/06/2018 02:51:24,50,30,07/03/2023 13:31:00,Swift,0,0
Pierian-Data/Complete-Python-3-Bootcamp,12/02/2018 19:30:10,194,0,07/03/2023 13:12:41,Jupyter Notebook,300,203
haizlin/fe-interview,17/04/2019 03:05:58,17,2,07/03/2023 12:58:40,JavaScript,5315,23
gitlabhq/gitlabhq,02/10/2011 16:25:27,3621,0,06/03/2023 23:53:47,Ruby,0,0
doczjs/docz,17/03/2018 04:24:10,485,127,07/03/2023 10:01:12,TypeScript,1242,1136
mdbootstrap/mdb-ui-kit,18/08/2014 11:54:00,335,27,06/03/2023 20:03:46,SCSS,1166,1160
OWASP/CheatSheetSeries,21/12/2018 14:26:43,746,0,07/03/2023 05:03:51,Python,325,300
streamlit/streamlit,24/08/2019 00:14:52,3054,54,07/03/2023 11:58:31,Python,3088,2500
rollup/rollup,14/05/2015 22:26:28,1891,379,07/03/2023 10:48:54,JavaScript,2990,2564
zeromicro/go-zero,07/08/2020 15:37:57,1753,83,07/03/2023 13:31:40,Go,1170,968
matteocrippa/awesome-swift,10/07/2014 14:04:09,1665,0,07/03/2023 12:43:35,Ruby,129,128
heartcombo/devise,16/09/2009 12:15:12,1395,17,07/03/2023 13:14:02,Ruby,4143,4014
CodeHubApp/CodeHub,23/07/2013 22:19:57,24,4,06/03/2023 07:25:42,C#,641,407
ascoders/weekly,20/03/2017 06:10:04,139,173,07/03/2023 11:38:25,JavaScript,330,329
statelyai/xstate,14/09/2015 15:04:15,1587,202,07/03/2023 13:11:58,TypeScript,1158,1031
TeamNewPipe/NewPipe,03/09/2015 23:39:26,1933,124,07/03/2023 10:12:15,Java,7785,6627
quasarframework/quasar,05/10/2015 15:45:36,4357,749,07/03/2023 12:30:46,JavaScript,7146,6779
StreisandEffect/streisand,23/03/2014 21:56:19,649,0,07/03/2023 12:57:02,Shell,1140,929
qianguyihao/Web,03/01/2017 11:44:33,76,0,07/03/2023 11:24:52,,180,136
docsifyjs/docsify,20/11/2016 07:55:43,763,13,07/03/2023 11:35:12,JavaScript,1150,957
charlax/professional-programming,07/11/2015 05:07:52,43,0,07/03/2023 13:10:41,Python,16,16
michalsnik/aos,09/07/2015 17:49:00,136,0,07/03/2023 13:16:32,JavaScript,652,352
pure-css/pure,22/04/2013 16:16:39,519,27,07/03/2023 07:57:10,JavaScript,570,568
vercel/pkg,08/08/2016 19:41:59,273,40,07/03/2023 10:49:36,JavaScript,1342,1300
numpy/numpy,13/09/2010 23:02:39,12016,97,07/03/2023 13:24:54,Python,11295,9322
syl20bnr/spacemacs,17/12/2012 21:34:03,7529,158,07/03/2023 13:15:25,Emacs Lisp,8325,7983
dnSpy/dnSpy,01/07/2015 16:05:10,83,1,07/03/2023 12:38:09,C#,0,0
kahun/awesome-sysadmin,09/02/2014 22:39:20,488,0,07/03/2023 01:35:48,,98,26
ramda/ramda,21/06/2013 20:32:35,1726,26,07/03/2023 09:37:15,JavaScript,1588,1462
mbadolato/iTerm2-Color-Schemes,01/04/2011 04:01:46,305,0,07/03/2023 11:54:24,Shell,97,81
matterport/Mask_RCNN,19/10/2017 20:28:34,275,3,07/03/2023 08:51:06,Python,2645,831
datasciencemasters/go,14/08/2013 08:33:55,139,0,07/03/2023 06:48:58,,51,23
zhiwehu/Python-programming-exercises,14/06/2012 07:56:46,112,0,07/03/2023 12:33:53,,72,11
getredash/redash,28/10/2013 13:19:39,3632,98,07/03/2023 11:31:23,Python,2261,1752
openfaas/faas,22/12/2016 12:51:39,909,163,07/03/2023 06:34:57,Go,815,788
Wox-launcher/Wox,19/12/2013 15:49:32,466,38,07/03/2023 03:10:45,C#,3382,2413
coder2gwy/coder2gwy,30/12/2020 14:40:50,4,0,07/03/2023 12:19:11,,142,26
servo/servo,08/02/2012 19:07:25,17630,0,07/03/2023 09:18:07,,11756,8320
rome/tools,20/02/2020 05:57:33,2821,75,07/03/2023 13:26:30,Rust,1270,1143
dotnet-architecture/eShopOnContainers,05/10/2016 22:35:23,792,11,07/03/2023 12:14:04,C#,1211,1192
reduxjs/react-redux,11/07/2015 17:32:01,726,114,06/03/2023 11:07:14,TypeScript,1208,1194
inconshreveable/ngrok,20/03/2013 09:37:43,75,0,07/03/2023 08:25:55,Go,817,609
dimsemenov/PhotoSwipe,07/04/2011 05:46:29,220,16,07/03/2023 08:36:31,JavaScript,1762,1170
android/architecture-components-samples,09/05/2017 21:09:14,368,0,07/03/2023 11:52:42,Kotlin,682,536
vapor/vapor,18/01/2016 22:37:52,1364,474,07/03/2023 12:42:41,Swift,1547,1453
remix-run/remix,26/10/2020 19:57:28,2629,106,07/03/2023 13:26:59,TypeScript,1413,1183
StevenBlack/hosts,12/04/2012 20:22:50,587,514,07/03/2023 10:54:21,Python,1593,1555
trpc/trpc,18/07/2020 01:17:11,2784,139,07/03/2023 13:19:03,TypeScript,659,593
k3s-io/k3s,31/05/2018 01:37:46,2644,508,07/03/2023 12:30:55,Go,3942,3757
MostlyAdequate/mostly-adequate-guide,06/05/2015 01:44:15,366,1,07/03/2023 08:20:29,JavaScript,273,203
emberjs/ember.js,25/05/2011 23:39:40,10085,480,07/03/2023 12:36:03,JavaScript,6644,6272
redux-saga/redux-saga,29/11/2015 16:58:12,867,68,06/03/2023 14:25:00,JavaScript,1468,1452
neoclide/coc.nvim,01/05/2018 22:39:02,1118,82,07/03/2023 12:59:01,TypeScript,3086,3061
guzzle/guzzle,28/02/2011 02:44:05,1308,53,07/03/2023 13:24:28,PHP,1791,1775
taichi-dev/taichi,24/11/2016 10:00:05,5116,111,07/03/2023 08:39:25,C++,2319,1649
balderdashy/sails,18/03/2012 19:46:15,925,40,07/03/2023 11:03:56,JavaScript,6336,5849
ApolloAuto/apollo,04/07/2017 19:03:31,10912,11,07/03/2023 10:01:44,C++,3868,3424
nicolargo/glances,04/12/2011 08:49:15,592,31,07/03/2023 08:46:29,Python,1612,1374
ovity/octotree,09/05/2014 18:15:20,385,0,07/03/2023 09:56:51,JavaScript,752,712
pnpm/pnpm,28/01/2016 07:40:43,2394,824,07/03/2023 13:04:57,TypeScript,3110,2095
facebookarchive/draft-js,19/02/2016 20:18:26,1363,26,07/03/2023 10:21:57,JavaScript,1775,978
github/hub,05/12/2009 22:15:25,818,60,07/03/2023 11:54:55,Go,2009,1771
fouber/blog,25/04/2014 09:44:42,6,0,07/03/2023 06:15:32,,15,5
bevyengine/bevy,18/01/2020 21:13:55,4316,13,07/03/2023 13:14:43,Rust,2820,1860
eslint/eslint,29/06/2013 23:59:48,6628,287,07/03/2023 12:17:12,JavaScript,9533,9415
NativeScript/NativeScript,01/03/2015 09:47:08,3471,133,07/03/2023 13:10:54,TypeScript,6540,5621
sirupsen/logrus,16/10/2013 19:08:55,716,14,07/03/2023 09:02:32,Go,656,652
spf13/viper,02/04/2014 14:33:33,632,22,07/03/2023 13:11:07,Go,779,420
keon/algorithms,17/11/2016 22:32:08,740,1,07/03/2023 11:27:33,Python,156,97
react-navigation/react-navigation,26/01/2017 19:51:40,1660,1000,07/03/2023 05:34:38,TypeScript,8981,8384
qier222/YesPlayMusic,09/10/2020 10:04:21,356,26,07/03/2023 13:22:36,Vue,1498,1094
t4t5/sweetalert,30/09/2014 11:12:48,287,13,06/03/2023 20:36:15,TypeScript,708,548
google/jax,25/10/2018 21:25:02,9090,62,07/03/2023 12:40:08,Python,3939,2889
markerikson/react-redux-links,22/01/2016 02:10:28,102,0,07/03/2023 11:59:50,,38,22
microsoft/cascadia-code,10/07/2019 22:50:20,94,17,07/03/2023 12:38:37,Python,566,456
AykutSarac/jsoncrack.com,30/01/2022 15:25:18,101,16,07/03/2023 13:05:13,TypeScript,170,130
Tencent/wepy,14/11/2016 08:06:56,692,8,07/03/2023 13:28:30,JavaScript,2143,1790
viatsko/awesome-vscode,07/02/2016 23:02:45,323,0,07/03/2023 10:38:44,JavaScript,44,25
rwaldron/idiomatic.js,25/05/2011 17:48:59,175,0,07/03/2023 11:08:52,,80,48
harvesthq/chosen,18/04/2011 15:07:41,763,34,06/03/2023 22:00:56,HTML,2370,2121
bilibili/flv.js,12/05/2016 08:34:31,71,15,07/03/2023 13:20:39,JavaScript,701,299
eriklindernoren/ML-From-Scratch,05/02/2017 12:11:23,35,0,07/03/2023 07:08:46,Python,67,36
yeasy/docker_practice,05/09/2014 04:06:39,312,15,07/03/2023 12:52:56,Go,203,200
schollz/croc,17/10/2017 15:20:18,173,138,07/03/2023 09:52:39,Go,360,266
facebook/flow,28/10/2014 17:17:45,2275,285,07/03/2023 13:22:10,OCaml,6619,4893
pbatard/rufus,19/11/2011 19:12:05,188,73,07/03/2023 13:02:46,C,1986,1972
discordjs/discord.js,10/08/2015 13:36:26,4892,144,07/03/2023 13:03:42,JavaScript,3594,3508
Polymer/polymer,23/08/2012 20:56:30,1437,115,07/03/2023 07:31:02,HTML,3909,3865
alist-org/alist,23/12/2020 17:40:29,311,81,07/03/2023 13:31:57,Go,1753,1673
mochajs/mocha,07/03/2011 18:44:25,2040,76,07/03/2023 13:18:47,JavaScript,2868,2617
usablica/intro.js,10/03/2013 15:12:45,1082,32,07/03/2023 12:15:48,JavaScript,766,715
google/gson,19/03/2015 18:21:20,760,6,07/03/2023 11:03:18,Java,1513,1224
localForage/localForage,31/10/2013 00:10:06,372,26,07/03/2023 13:00:09,JavaScript,694,495
ipfs/ipfs,11/02/2014 07:28:24,154,0,07/03/2023 09:34:34,,216,210
geekan/HowToLiveLonger,16/04/2022 04:15:18,22,0,07/03/2023 09:01:40,,113,35
Igglybuff/awesome-piracy,09/10/2018 22:09:56,386,0,07/03/2023 10:56:03,HTML,299,138
docker/awesome-compose,13/02/2020 08:51:42,255,0,07/03/2023 13:30:54,HTML,77,30
codex-team/editor.js,28/11/2015 20:56:35,929,43,07/03/2023 12:14:00,TypeScript,1209,788
deezer/spleeter,26/09/2019 15:40:46,110,2,07/03/2023 13:27:51,Python,717,549
Lightning-AI/lightning,31/03/2019 00:45:57,8532,128,07/03/2023 12:06:54,Python,5887,5292
SwiftyJSON/SwiftyJSON,18/06/2014 14:41:15,415,21,07/03/2023 13:28:37,Swift,690,583
Awesome-Windows/Awesome,30/05/2016 17:27:35,360,0,07/03/2023 13:03:30,,119,77
kriasoft/react-starter-kit,16/04/2014 13:08:18,838,5,07/03/2023 10:46:08,TypeScript,1184,1182
conwnet/github1s,16/06/2019 09:55:25,284,35,07/03/2023 06:44:25,TypeScript,198,142
wangzheng0822/algo,24/09/2018 05:33:46,409,0,07/03/2023 08:57:21,Python,123,22
MichaelCade/90DaysOfDevOps,26/12/2021 13:55:18,252,2,07/03/2023 10:16:39,Shell,63,59
google/iosched,01/04/2014 22:40:40,170,2,06/03/2023 17:11:52,Kotlin,242,187
felixrieseberg/windows95,23/08/2018 05:04:38,61,14,07/03/2023 01:16:10,TypeScript,230,106
Asabeneh/30-Days-Of-Python,19/11/2019 17:24:16,242,0,07/03/2023 13:25:19,Python,96,32
zloirock/core-js,17/07/2013 16:32:27,312,220,07/03/2023 12:49:33,JavaScript,865,839
nextcloud/server,02/06/2016 07:44:14,20491,102,07/03/2023 13:21:31,PHP,15547,13666
pmndrs/react-three-fiber,25/02/2019 14:31:51,585,55,07/03/2023 13:18:22,TypeScript,818,785
mpv-player/mpv,13/10/2012 08:08:44,3094,82,07/03/2023 13:16:49,C,8242,7415
DrKLO/Telegram,25/10/2013 14:08:10,586,79,07/03/2023 06:56:41,Java,0,0
homebridge/homebridge,01/12/2014 16:37:39,373,33,07/03/2023 13:02:05,TypeScript,2905,2881
marmelab/react-admin,13/07/2016 07:58:54,4636,277,07/03/2023 12:54:05,TypeScript,4072,3980
OpenZeppelin/openzeppelin-contracts,01/08/2016 20:54:54,2404,72,07/03/2023 12:45:51,JavaScript,1589,1458
withfig/autocomplete,29/09/2020 02:21:06,1376,1000,07/03/2023 09:48:19,TypeScript,461,346
pocketbase/pocketbase,05/07/2022 06:06:21,116,60,07/03/2023 12:27:53,Go,563,526
envoyproxy/envoy,08/08/2016 15:07:24,17087,106,07/03/2023 13:13:20,C++,8845,7536
tmrts/go-patterns,14/12/2015 22:05:06,90,0,07/03/2023 13:21:36,Go,28,13
RedisInsight/RedisDesktopManager,05/08/2013 07:51:08,562,87,07/03/2023 11:08:21,C++,4536,4493
react-bootstrap/react-bootstrap,27/12/2013 19:06:07,3152,49,07/03/2023 09:44:16,TypeScript,3391,3250
lutzroeder/netron,26/12/2010 12:53:43,145,2,07/03/2023 13:26:33,JavaScript,909,887
bevacqua/dragula,13/04/2015 21:35:38,189,0,07/03/2023 12:24:04,JavaScript,513,407
1c7/chinese-independent-developer,21/09/2017 11:08:23,166,0,07/03/2023 11:58:29,,72,70
github/copilot-docs,23/10/2021 16:07:04,39,0,07/03/2023 12:35:05,,0,0
tachiyomiorg/tachiyomi,07/10/2015 09:51:12,2105,74,07/03/2023 13:28:46,Kotlin,6933,6522
wsargent/docker-cheat-sheet,05/08/2014 20:04:20,168,0,07/03/2023 09:34:41,,27,22
chenglou/react-motion,11/06/2015 07:38:23,228,4,07/03/2023 09:02:43,JavaScript,398,249
goldfire/howler.js,28/01/2013 16:47:12,263,24,07/03/2023 08:39:32,JavaScript,1336,1042
sebastianruder/NLP-progress,22/06/2018 17:43:55,533,3,07/03/2023 06:42:06,Python,98,65
doocs/leetcode,16/09/2018 14:03:03,869,19,07/03/2023 13:10:24,Java,30,30
jlmakes/scrollreveal,16/01/2014 17:37:20,53,0,07/03/2023 13:25:12,JavaScript,475,451
apache/skywalking,07/11/2015 03:30:36,4607,54,07/03/2023 11:02:17,Java,4683,4618
elixir-lang/elixir,09/01/2011 08:43:57,7521,127,07/03/2023 12:09:02,Elixir,4910,4896
HeroTransitions/Hero,24/11/2016 18:49:37,149,38,07/03/2023 12:43:16,Swift,597,564
vuejs/vuepress,05/04/2018 16:58:38,1216,21,07/03/2023 10:05:57,JavaScript,1903,1416
telegramdesktop/tdesktop,02/05/2014 12:36:31,1576,614,07/03/2023 13:06:01,C++,12292,11519
mozilla/DeepSpeech,02/06/2016 15:04:53,1664,105,07/03/2023 09:09:17,C++,2083,1974
nothings/stb,25/05/2014 16:51:23,638,0,07/03/2023 10:28:21,C,726,638
python-telegram-bot/python-telegram-bot,07/07/2015 15:30:39,1445,102,07/03/2023 12:12:05,Python,1835,1820
notable/notable,22/12/2018 13:57:19,74,20,07/03/2023 11:58:41,TypeScript,1564,899
Kr328/ClashForAndroid,15/11/2019 00:13:59,66,90,07/03/2023 13:02:59,Kotlin,1000,886
jaredhanson/passport,08/10/2011 22:38:32,148,0,07/03/2023 01:38:59,JavaScript,740,415
bitcoinbook/bitcoinbook,11/08/2013 23:18:28,671,3,07/03/2023 07:43:13,AsciiDoc,365,297
libgdx/libgdx,10/08/2012 19:34:38,3475,9,07/03/2023 13:13:35,Java,3588,3384
zyedidia/micro,11/03/2016 02:06:28,780,33,07/03/2023 12:25:40,Go,1919,1247
DesignPatternsPHP/DesignPatternsPHP,22/08/2011 05:24:31,370,0,07/03/2023 04:26:52,PHP,112,111
hwdsl2/setup-ipsec-vpn,07/01/2016 16:44:12,93,0,07/03/2023 12:27:08,Shell,1213,1213
pugjs/pug,23/06/2010 01:05:42,851,22,07/03/2023 12:36:53,JavaScript,2543,2265
highlightjs/highlight.js,01/01/2011 23:47:21,1776,35,07/03/2023 09:30:18,JavaScript,1930,1853
datawhalechina/pumpkin-book,22/12/2018 05:05:24,59,7,07/03/2023 13:25:07,,67,51
v2fly/v2ray-core,15/04/2019 10:05:54,893,65,07/03/2023 13:30:48,Go,723,665
facebookresearch/fairseq,29/08/2017 16:26:12,1243,16,07/03/2023 12:54:27,Python,3763,2948
fish-shell/fish-shell,10/05/2012 03:00:55,2883,38,06/03/2023 18:36:35,C++,6642,6191
openssl/openssl,15/01/2013 22:34:48,12190,5,07/03/2023 13:23:51,C,8132,6375
celery/celery,24/04/2009 11:31:24,2863,38,07/03/2023 13:24:38,Python,4816,4279
backstage/backstage,24/01/2020 22:39:49,12231,222,07/03/2023 13:04:50,TypeScript,3864,3507
MonitorControl/MonitorControl,16/09/2017 21:13:40,231,23,07/03/2023 12:54:39,Swift,755,692
onevcat/Kingfisher,06/04/2015 14:26:21,698,173,07/03/2023 13:16:15,Swift,1257,1179
tornadoweb/tornado,09/09/2009 04:55:16,1470,0,07/03/2023 05:09:18,Python,1759,1565
trekhleb/homemade-machine-learning,01/11/2018 04:34:19,20,0,07/03/2023 09:17:30,Jupyter Notebook,25,14
penpot/penpot,29/12/2015 22:09:07,1825,29,07/03/2023 13:00:51,Clojure,987,732
libuv/libuv,30/11/2013 00:29:56,2156,5,07/03/2023 12:17:19,C,1534,1429
goldbergyoni/javascript-testing-best-practices,04/07/2019 11:08:12,186,0,07/03/2023 09:53:09,JavaScript,58,14
sdras/awesome-actions,17/10/2018 17:53:45,586,0,07/03/2023 12:42:37,,39,25
ogham/exa,22/05/2014 12:45:16,334,12,07/03/2023 13:09:35,Rust,830,582
paularmstrong/normalizr,20/08/2014 08:41:38,193,26,06/03/2023 15:53:16,JavaScript,0,0
youzan/vant,19/04/2017 07:55:31,4762,221,07/03/2023 08:56:55,TypeScript,6624,6591
firecracker-microvm/firecracker,19/10/2017 06:18:47,2162,61,07/03/2023 09:23:55,Rust,1311,1190
googlehosts/hosts,05/08/2017 16:10:32,88,0,07/03/2023 09:28:01,,416,351
chubin/wttr.in,26/12/2015 21:03:43,288,0,07/03/2023 11:24:40,Python,547,314
validatorjs/validator.js,06/10/2010 06:58:48,1206,10,07/03/2023 13:01:53,JavaScript,981,849
electron-react-boilerplate/electron-react-boilerplate,18/05/2015 09:54:57,1567,58,07/03/2023 13:27:02,TypeScript,1797,1758
freqtrade/freqtrade,17/05/2017 23:48:53,4611,68,07/03/2023 12:50:24,Python,3643,3598
tsenart/vegeta,13/08/2013 11:45:21,222,63,07/03/2023 12:22:43,Go,388,304
ossrs/srs,29/04/2015 06:59:32,579,40,07/03/2023 12:48:57,C++,1177,1018
jellyfin/jellyfin,09/12/2018 06:36:45,3991,62,07/03/2023 12:55:19,C#,4743,3849
taosdata/TDengine,11/07/2019 08:33:48,16499,89,07/03/2023 08:48:52,C,3681,2857
academic/awesome-datascience,05/07/2014 07:07:43,327,3,07/03/2023 09:08:02,,48,48
postcss/autoprefixer,14/03/2013 05:04:51,332,192,07/03/2023 06:32:48,JavaScript,1132,1098
v8/v8,24/09/2014 15:24:30,66,0,07/03/2023 09:22:45,C++,0,0
logseq/logseq,23/05/2020 00:06:06,2444,117,07/03/2023 13:33:31,Clojure,5873,4510
TanStack/table,20/10/2016 17:25:08,918,188,07/03/2023 11:07:56,TypeScript,2205,2134
locustio/locust,17/02/2011 11:08:03,888,91,07/03/2023 09:51:08,Python,1419,1409
gfwlist/gfwlist,13/03/2015 13:24:56,27,0,07/03/2023 07:53:17,,2331,1916
microsoft/api-guidelines,12/07/2016 20:01:24,222,0,07/03/2023 13:10:45,,185,93
apache/flink,07/06/2014 07:00:10,22110,0,07/03/2023 13:27:41,Java,0,0
mxgmn/WaveFunctionCollapse,30/09/2016 11:53:17,32,1,07/03/2023 13:14:33,C#,47,46
google/mediapipe,13/06/2019 19:16:41,259,41,07/03/2023 13:08:49,C++,3885,3463
lensapp/lens,12/11/2018 06:28:56,4152,254,07/03/2023 13:33:59,TypeScript,3112,2251
julycoding/The-Art-Of-Programming-By-July-2nd,14/12/2013 10:00:06,343,0,07/03/2023 13:09:12,C,130,83
SwiftGGTeam/the-swift-programming-language-in-chinese,03/06/2014 04:44:09,800,1,04/03/2023 19:30:00,CSS,407,397
redisson/redisson,11/01/2014 14:06:25,543,120,07/03/2023 12:58:46,Java,4330,4001
ColorlibHQ/gentelella,15/05/2015 06:57:27,259,7,06/03/2023 16:56:33,HTML,643,609
rancher/rancher,07/11/2014 20:49:31,9437,937,07/03/2023 08:33:45,Go,30767,28504
robertdavidgraham/masscan,28/07/2013 05:35:33,197,11,07/03/2023 10:51:57,C,503,165
leereilly/games,05/01/2012 19:48:55,395,0,07/03/2023 09:49:11,,253,84
dapr/dapr,19/06/2019 00:49:06,3126,153,07/03/2023 12:54:25,Go,2729,2381
dracula/dracula-theme,27/10/2013 12:39:02,121,24,07/03/2023 13:05:05,,598,592
FallibleInc/security-guide-for-developers,08/06/2016 15:56:25,42,0,07/03/2023 06:05:35,,12,4
git-tips/tips,15/07/2015 07:24:48,170,0,06/03/2023 15:40:20,JavaScript,34,17
alibaba/Sentinel,04/04/2018 06:37:33,955,23,07/03/2023 11:59:11,Java,2007,1502
judasn/IntelliJ-IDEA-Tutorial,17/08/2015 15:25:52,74,0,07/03/2023 08:40:41,,77,76
necolas/react-native-web,09/06/2015 19:25:38,689,20,06/03/2023 16:14:48,JavaScript,1678,1578
aseprite/aseprite,19/08/2014 23:44:50,450,86,07/03/2023 11:13:27,C++,3218,1899
shieldfy/API-Security-Checklist,08/07/2017 20:01:38,133,0,07/03/2023 12:40:29,,39,28
ruanyf/es6tutorial,20/04/2014 13:06:28,602,0,07/03/2023 09:38:29,JavaScript,548,548
directus/directus,12/12/2012 01:35:36,5792,251,07/03/2023 12:31:42,TypeScript,6026,5829
Homebrew/homebrew-cask,05/03/2012 02:05:17,136069,81,07/03/2023 11:58:15,Ruby,6180,6163
verekia/js-stack-from-scratch,02/10/2016 13:31:23,105,1,07/03/2023 09:31:25,JavaScript,157,118
Molunerfinn/PicGo,12/12/2017 08:39:44,35,47,07/03/2023 13:08:59,TypeScript,972,951
ReactiveX/RxAndroid,19/08/2014 03:46:38,238,20,06/03/2023 15:10:23,Java,347,346
facebookarchive/pop,30/03/2014 22:29:12,146,3,07/03/2023 06:31:49,Objective-C++,256,211
hapijs/joi,16/09/2012 16:38:06,650,0,07/03/2023 06:25:32,JavaScript,2266,2140
PaddlePaddle/Paddle,15/08/2016 06:59:08,34929,58,07/03/2023 12:48:03,C++,16213,15221
xi-editor/xi-editor,26/04/2016 23:03:23,799,0,06/03/2023 21:16:30,Rust,528,397
2dust/v2rayNG,15/05/2019 02:15:31,171,148,07/03/2023 13:29:47,Kotlin,1737,1493
tipsy/profile-summary-for-github,10/12/2017 13:29:15,40,0,07/03/2023 10:40:38,Vue,77,62
flameshot-org/flameshot,10/05/2017 19:44:51,948,25,07/03/2023 12:32:08,C++,2049,1665
jenkinsci/jenkins,22/11/2010 21:21:23,7649,242,07/03/2023 09:48:49,Java,0,0
jhipster/generator-jhipster,21/10/2013 20:07:22,14045,25,07/03/2023 12:35:33,TypeScript,7252,6988
kdeldycke/awesome-falsehood,08/09/2016 09:13:47,109,0,07/03/2023 10:20:48,,25,24
iawia002/lux,24/02/2018 11:29:03,288,75,07/03/2023 11:55:46,Go,907,485
forem/forem,13/11/2016 23:02:13,13273,0,07/03/2023 12:05:26,Ruby,5105,4569
camsong/You-Dont-Need-jQuery,21/11/2015 16:02:26,182,1,07/03/2023 02:29:53,JavaScript,68,66
apache/mxnet,30/04/2015 16:21:15,11110,34,07/03/2023 12:09:23,C++,9549,7758
WeNeedHome/SummaryOfLoanSuspension,12/07/2022 16:33:25,509,0,07/03/2023 12:34:53,HTML,0,0
petkaantonov/bluebird,07/09/2013 19:39:57,550,123,05/03/2023 11:50:17,JavaScript,1142,1072
avajs/ava,18/11/2014 17:20:26,1372,93,07/03/2023 12:42:14,JavaScript,1612,1526
futurice/android-best-practices,29/07/2014 09:09:44,109,0,06/03/2023 18:35:12,,84,61
vnpy/vnpy,02/03/2015 03:36:58,1418,55,07/03/2023 12:32:38,Python,1957,1947
zhaoolee/ChromeAppHeroes,07/02/2019 06:35:24,27,0,07/03/2023 06:42:08,JavaScript,45,31
ziglang/zig,06/08/2015 00:51:28,6737,14,07/03/2023 12:37:09,Zig,8022,5952
javascript-tutorial/en.javascript.info,03/06/2017 14:27:57,2592,0,07/03/2023 13:17:35,HTML,782,678
acheong08/ChatGPT,03/12/2022 14:35:24,231,173,07/03/2023 13:30:58,Python,618,612
winstonjs/winston,29/12/2010 18:49:51,908,17,07/03/2023 13:01:53,JavaScript,1374,963
Seldaek/monolog,17/02/2011 02:07:15,1030,64,07/03/2023 08:50:20,PHP,762,742
SamyPesse/How-to-Make-a-Computer-Operating-System,29/11/2013 17:36:32,95,1,06/03/2023 20:29:15,C,72,28
ai/nanoid,05/08/2017 05:24:35,200,1,07/03/2023 12:39:23,JavaScript,202,198
changkun/modern-cpp-tutorial,19/08/2016 14:39:15,136,3,07/03/2023 13:24:26,C++,112,107
PostgREST/postgrest,13/06/2014 00:23:00,1052,52,07/03/2023 12:31:41,Haskell,1401,1229
go-micro/go-micro,13/01/2015 23:30:18,1563,318,07/03/2023 13:33:29,Go,946,882
zadam/trilium,23/05/2017 00:30:20,236,259,07/03/2023 12:47:48,JavaScript,2774,2054
go-delve/delve,20/05/2014 19:24:43,1752,23,07/03/2023 11:22:34,Go,1504,1398
lencx/ChatGPT,07/12/2022 09:43:02,118,32,07/03/2023 13:32:39,Rust,395,221
go-kratos/kratos,10/01/2019 10:42:31,1711,57,07/03/2023 12:12:19,Go,967,867
norvig/pytudes,01/03/2017 05:43:35,83,0,07/03/2023 13:19:02,Jupyter Notebook,34,18
eligrey/FileSaver.js,15/07/2011 03:27:54,163,14,07/03/2023 11:11:53,JavaScript,621,465
jitsi/jitsi-meet,16/12/2013 12:51:09,7357,52,07/03/2023 13:25:28,TypeScript,5596,5273
railsware/upterm,22/03/2015 07:00:24,566,187,03/03/2023 07:42:29,TypeScript,752,533
junyanz/pytorch-CycleGAN-and-pix2pix,18/04/2017 10:33:05,144,0,07/03/2023 13:02:08,Python,1384,928
qbittorrent/qBittorrent,04/02/2012 09:37:46,3759,0,07/03/2023 09:53:32,C++,14196,11526
arendst/Tasmota,28/01/2017 13:37:08,5270,99,07/03/2023 13:14:06,C,9012,9000
segmentio/nightmare,05/04/2014 22:19:51,408,1,07/03/2023 10:50:49,JavaScript,1244,1065
didi/DoKit,14/08/2018 10:32:07,444,10,07/03/2023 09:45:58,Java,661,480
Popmotion/popmotion,17/08/2014 16:23:07,368,0,05/03/2023 07:55:23,JavaScript,586,549
tailwindlabs/headlessui,16/09/2020 09:53:09,502,78,07/03/2023 12:47:26,TypeScript,842,837
quii/learn-go-with-tests,02/03/2018 11:41:14,451,55,07/03/2023 12:37:52,Go,186,153
ReactiveCocoa/ReactiveCocoa,02/03/2012 22:11:24,1720,83,07/03/2023 04:01:36,Swift,2004,2002
SergioBenitez/Rocket,18/03/2016 02:50:18,702,53,07/03/2023 13:24:21,Rust,1416,1307
OpenBB-finance/OpenBBTerminal,20/12/2020 10:46:38,2703,20,07/03/2023 12:45:05,Python,1554,1308
enzymejs/enzyme,10/11/2015 21:45:38,809,0,07/03/2023 09:41:58,JavaScript,1766,1509
jumpserver/jumpserver,04/07/2014 03:54:59,5113,159,07/03/2023 09:02:44,Python,4692,4565
vercel/turbo,05/10/2021 17:37:11,2534,184,07/03/2023 13:01:15,Rust,937,606
urfave/cli,13/07/2013 19:32:06,911,112,07/03/2023 10:31:42,Go,718,678
shimohq/chinese-programmer-wrong-pronunciation,15/02/2017 09:02:40,170,0,07/03/2023 08:59:33,JavaScript,229,114
jquense/yup,22/09/2014 23:54:22,475,11,07/03/2023 12:07:44,TypeScript,1460,1374
termux/termux-app,23/10/2015 09:42:46,298,89,07/03/2023 12:43:17,Java,2264,1978
chalk/chalk,03/08/2013 00:20:12,171,26,07/03/2023 11:04:02,JavaScript,351,348
recharts/recharts,07/08/2015 06:50:27,720,19,07/03/2023 10:59:04,TypeScript,2642,2184
Homebrew/homebrew-cask,05/03/2012 02:05:17,136069,81,07/03/2023 11:58:15,Ruby,6180,6163
pytorch/examples,24/08/2016 03:12:48,543,0,07/03/2023 09:32:21,Python,576,434
verekia/js-stack-from-scratch,02/10/2016 13:31:23,105,1,07/03/2023 09:31:25,JavaScript,157,118
Molunerfinn/PicGo,12/12/2017 08:39:44,35,47,07/03/2023 13:08:59,TypeScript,972,951
ReactiveX/RxAndroid,19/08/2014 03:46:38,238,20,06/03/2023 15:10:23,Java,347,346
facebookarchive/pop,30/03/2014 22:29:12,146,3,07/03/2023 06:31:49,Objective-C++,256,211
hapijs/joi,16/09/2012 16:38:06,650,0,07/03/2023 06:25:32,JavaScript,2266,2140
PaddlePaddle/Paddle,15/08/2016 06:59:08,34929,58,07/03/2023 12:48:03,C++,16213,15221
